[ID],[TableID],[Name],[Description],[DataType],[Expression],[FormatString],[IsHidden],[State],[ModifiedTime],[StructureModifiedTime],[KPIID],[IsSimpleMeasure],[ErrorMessage],[DisplayFolder],[DetailRowsDefinitionID],[DataCategory],[LineageTag],[SourceLineageTag]
25985,25960,base_qtd_manifestacoes_em_aberto,Manifestações com status Aberta no SGOe.,6,"VAR resultado =
    CALCULATE (
        COUNTROWS ( f_relatorio ),
        KEEPFILTERS ( f_relatorio[ds_status] = ""Em Aberto"" )
    )
RETURN
    COALESCE ( resultado, 0 )","#,0",False,1,20/04/2026 21:05:03,20/04/2026 18:06:01,,False,,01 · Volume,,,5f2eeeae-bff5-4c4c-a984-b2f25aad547f,
25986,25960,base_qtd_manifestacoes,"Total de manifestações registradas no período, independente do status.",6,"VAR resultado =
    COUNTROWS ( f_relatorio )
RETURN
    COALESCE ( resultado, 0 )","#,0",False,1,20/04/2026 21:05:03,20/04/2026 18:06:01,,False,,01 · Volume,,,fe78aa7a-330c-4678-b47a-2b2243afa9d9,
25987,25960,base_qtd_manifestacoes_finalizadas,Manifestações com status Fechada ou Respondida no SGOe.,6,"VAR total_manifestacoes = [base_qtd_manifestacoes]
VAR em_aberto = [base_qtd_manifestacoes_em_aberto]
RETURN
    total_manifestacoes - em_aberto","#,0",False,1,20/04/2026 21:05:03,20/04/2026 18:06:01,,False,,01 · Volume,,,425e950f-2831-4bf4-9221-201f3129671f,
25988,25960,base_qtd_mais_30_dias,Manifestações com mais de 30 dias de vida (dias_vida > 30). Numerador do KRI 1.,6,"VAR resultado =
    CALCULATE (
        COUNTROWS ( f_relatorio ),
        KEEPFILTERS ( f_relatorio[dias_vida] > 30 )
    )
RETURN
    COALESCE ( resultado, 0 )","#,0",False,1,20/04/2026 21:05:03,20/04/2026 18:06:01,,False,,04 · Tempo,,,78e83e66-7486-4a48-a34c-82ffbe02c5cc,
25989,25960,base_qtd_lai,"Manifestações do tipo LAI (Lei de Acesso à Informação), excluídas de alguns indicadores.",6,"VAR resultado =
    CALCULATE (
        [base_qtd_manifestacoes_finalizadas],
        KEEPFILTERS ( f_relatorio[tipo_manifestacao] = ""L.A.I."" )
    )
RETURN
    COALESCE ( resultado, 0 )","#,0",False,1,20/04/2026 21:05:03,20/04/2026 18:06:01,,False,,01 · Volume,,,b4557b7b-a852-4ab9-957b-302ee7ea22cb,
25990,25960,base_manifestacoes_elegiveis,Manifestações finalizadas descontando as LAI. Denominador base para KRI 3 e KRI 4.,6,"VAR finalizadas = [base_qtd_manifestacoes_finalizadas]
VAR lai = [base_qtd_lai]
RETURN
    finalizadas - lai","#,0",False,1,20/04/2026 21:05:03,20/04/2026 18:06:01,,False,,01 · Volume,,,bf32aec7-2830-4ea1-ac88-0aa505d6aa8f,
25991,25960,base_qtd_pesquisa,Total de respostas recebidas na pesquisa de satisfação (linhas em f_pesquisa). TREATAS propaga filtro de dOrgao_igro[sigla].,6,"VAR _siglas = VALUES(dOrgao_igro[sigla])
VAR resultado =
    CALCULATE(
        COUNTROWS(f_pesquisa),
        TREATAS(_siglas, f_pesquisa[sigla])
    )
RETURN
    COALESCE(resultado, 0)","#,0",False,1,21/04/2026 22:54:01,20/04/2026 18:06:01,,False,,02 · Pesquisa de Satisfação,,,8141db78-3d35-4b75-94bc-5e214047cd07,
25992,25960,base_qtd_sim,Pesquisas em que o cidadão respondeu que a demanda foi resolvida totalmente (finalizacao = 'Sim'). TREATAS propaga filtro de dOrgao_igro[sigla].,6,"VAR _siglas = VALUES(dOrgao_igro[sigla])
VAR resultado =
    CALCULATE(
        COUNTROWS(f_pesquisa),
        TREATAS(_siglas, f_pesquisa[sigla]),
        KEEPFILTERS(f_pesquisa[finalizacao] = ""Sim"")
    )
RETURN
    COALESCE(resultado, 0)","#,0",False,1,21/04/2026 22:54:01,20/04/2026 18:06:01,,False,,02 · Pesquisa de Satisfação,,,baad3e69-1f61-4a1f-b6e9-809498bf23e0,
25993,25960,base_qtd_parcialmente,Pesquisas em que o cidadão respondeu que a demanda foi resolvida parcialmente (finalizacao = 'Parcialmente'). TREATAS propaga filtro de dOrgao_igro[sigla].,6,"VAR _siglas = VALUES(dOrgao_igro[sigla])
VAR resultado =
    CALCULATE(
        COUNTROWS(f_pesquisa),
        TREATAS(_siglas, f_pesquisa[sigla]),
        KEEPFILTERS(f_pesquisa[finalizacao] = ""Parcialmente"")
    )
RETURN
    COALESCE(resultado, 0)","#,0",False,1,21/04/2026 22:54:01,20/04/2026 18:06:01,,False,,02 · Pesquisa de Satisfação,,,1adcbde3-6785-4dbe-b38a-93170f3d6fc7,
25994,25960,base_qtd_respostas_insatisfatorias,Total de linhas em f_insatisfatorias. Respostas reprovadas na revisão de qualidade. TREATAS propaga filtro de dOrgao_igro[sigla].,6,"VAR _siglas = VALUES(dOrgao_igro[sigla])
VAR resultado =
    CALCULATE(
        COUNTROWS(f_insatisfatorias),
        TREATAS(_siglas, f_insatisfatorias[sigla])
    )
RETURN
    COALESCE(resultado, 0)","#,0",False,1,21/04/2026 22:54:01,20/04/2026 18:06:01,,False,,03 · Qualidade,,,008b465b-ee14-4fb4-a3f2-b710878fd9d9,
25995,25960,base_qtd_resolvidas,"Combinação ponderada de respostas: base_qtd_sim + 0,5 × base_qtd_parcialmente. Numerador da resolutividade.",8,"VAR qtd_total_sim = [base_qtd_sim]
VAR qtd_parcial = [base_qtd_parcialmente]
RETURN
    qtd_total_sim + 0.5 * qtd_parcial","#,0.0",False,1,20/04/2026 21:05:13,20/04/2026 18:06:01,,False,,02 · Pesquisa de Satisfação,,,fc28baee-89e7-47e4-bf3a-050a30c10c51,
25996,25960,ind_media_tempo_resposta,Média de dias_vida das manifestações. Tempo Médio de Resposta (TMR). Numerador do KRI 2.,8,"VAR resultado =
    AVERAGE ( f_relatorio[dias_vida] )
RETURN
    COALESCE ( resultado, 0 )","#,0.0",False,1,20/04/2026 21:05:23,20/04/2026 18:06:01,,False,,04 · Tempo,,,eb7aedf0-1024-4ca9-b851-965e2b917cbb,
25997,25960,ind_media_nota_recomendacao,Média das notas de recomendação (1–10) nas pesquisas respondidas. Numerador do KRI 5. TREATAS propaga filtro de dOrgao_igro[sigla].,8,"VAR _siglas = VALUES(dOrgao_igro[sigla])
VAR resultado =
    CALCULATE(
        AVERAGE(f_pesquisa[recomendaria]),
        TREATAS(_siglas, f_pesquisa[sigla])
    )
RETURN
    COALESCE(resultado, 0)","#,0.0",False,1,21/04/2026 22:54:14,20/04/2026 18:06:01,,False,,02 · Pesquisa de Satisfação,,,10300ee4-14dd-45de-a0a3-9221ec7a5ab9,
25998,25960,ind_pct_mais_30_dias,Percentual de manifestações com mais de 30 dias de vida sobre o total. Indicador do KRI 1.,8,"VAR numerador = [base_qtd_mais_30_dias]
VAR denominador = [base_qtd_manifestacoes]
RETURN
    DIVIDE ( numerador, denominador, 0 )",0.00%,False,1,20/04/2026 21:05:23,20/04/2026 18:06:01,,False,,04 · Tempo,,,810e0edd-4e8f-4a3d-8751-58c8152aaa73,
25999,25960,ind_pct_resolutividade,"Percentual de resolução: (sim + 0,5 × parcialmente) / total de pesquisas. Indicador do KRI 3.",8,"VAR numerador = [base_qtd_resolvidas]
VAR denominador = [base_qtd_pesquisa]
RETURN
    DIVIDE ( numerador, denominador, 0 )",0.00%,False,1,20/04/2026 21:05:23,20/04/2026 18:06:01,,False,,02 · Pesquisa de Satisfação,,,472e89f2-6acd-41d1-b5bd-535315facd0c,
26000,25960,ind_pct_respostas_insatisfatorias,Percentual de respostas insatisfatórias sobre as manifestações elegíveis. Indicador do KRI 4.,8,"VAR numerador = [base_qtd_respostas_insatisfatorias]
VAR denominador = [base_manifestacoes_elegiveis]
RETURN
    DIVIDE ( numerador, denominador, 0 )",0.00%,False,1,20/04/2026 21:05:23,20/04/2026 18:06:01,,False,,03 · Qualidade,,,469688c8-7e98-458e-9896-8446bc626975,
26022,25960,meta_igro_kri1,"Meta do KRI 1 (% RDP): máximo de 1,0% de manifestações com mais de 30 dias. Valor 1 quando RDP <= 1,0%.",8,0.01,0.00%,False,1,29/04/2026 00:13:10,20/04/2026 18:06:26,,False,,05 · IGRO · Metas e Goalposts,,,7f490f54-d6b1-4361-ac88-4c9efcd15d40,
26023,25960,goal_igro_kri1,"Goalpost do KRI 1 (% RDP): 2,0% como limite de aceitabilidade. Valor 0 quando RDP >= 2,0%.",8,0.02,0.00%,False,1,29/04/2026 00:13:10,20/04/2026 18:06:26,,False,,05 · IGRO · Metas e Goalposts,,,d77e1621-0491-459e-86d6-8f6f6fdec6a8,
26024,25960,meta_igro_kri2,Meta do KRI 2 (TMR): 5 dias ou menos como excelência esperada. Valor 1 quando TMR <= 5 dias.,8,5.0,"#,0.0",False,1,29/04/2026 00:13:10,20/04/2026 18:06:26,,False,,05 · IGRO · Metas e Goalposts,,,04b4dce2-2dbd-4b78-be1c-544cbd64b038,
26025,25960,goal_igro_kri2,Goalpost do KRI 2 (TMR): 10 dias como limite de aceitabilidade. Valor 0 quando TMR >= 10 dias.,8,10.0,"#,0.0",False,1,29/04/2026 00:13:10,20/04/2026 18:06:26,,False,,05 · IGRO · Metas e Goalposts,,,6a9854ff-4b9f-4735-ac1a-20322aa6fd5b,
26026,25960,meta_igro_kri3,Meta do KRI 3 (TR - Resolutividade): 70% ou mais como resolutividade esperada. Valor 1 quando TR >= 70%.,8,0.70,0.00%,False,1,29/04/2026 00:13:10,20/04/2026 18:06:26,,False,,05 · IGRO · Metas e Goalposts,,,aaa437a5-fbca-4eb2-be6f-dc8e3b4f032b,
26027,25960,goal_igro_kri3,Goalpost do KRI 3 (TR - Resolutividade): 50% como piso aceitável. Valor 0 quando TR <= 50%.,8,0.50,0.00%,False,1,29/04/2026 00:13:10,20/04/2026 18:06:26,,False,,05 · IGRO · Metas e Goalposts,,,505b63dc-e3c6-4eb0-b743-fb5990d61d33,
26028,25960,meta_igro_kri4,"Meta do KRI 4 (% RI): 2,5% ou inferior como baixíssima insatisfação. Valor 1 quando RI <= 2,5%.",8,0.025,0.00%,False,1,29/04/2026 00:13:10,20/04/2026 18:06:26,,False,,05 · IGRO · Metas e Goalposts,,,d1dc6923-a176-427a-8758-0112bd9a83a9,
26029,25960,goal_igro_kri4,"Goalpost do KRI 4 (% RI): 3,5% como piso aceitável de insatisfação. Valor 0 quando RI >= 3,5%.",8,0.035,0.00%,False,1,29/04/2026 00:13:10,20/04/2026 18:06:26,,False,,05 · IGRO · Metas e Goalposts,,,6562e9ec-716f-4901-9525-661b3c47d8e6,
26030,25960,meta_igro_kri5,"Meta do KRI 5 (Nota de Recomendação): 8,0 ou mais como excelente recomendação. Valor 1 quando NR >= 8,0.",8,8.0,"#,0.0",False,1,29/04/2026 00:13:10,20/04/2026 18:06:26,,False,,05 · IGRO · Metas e Goalposts,,,1bdba1d2-1459-49d6-8801-e8b7da9cf2ff,
26031,25960,goal_igro_kri5,"Goalpost do KRI 5 (Nota de Recomendação): 6,0 como recomendação aceitável. Valor 0 quando NR <= 6,0.",8,6.0,"#,0.0",False,1,29/04/2026 00:13:10,20/04/2026 18:06:26,,False,,05 · IGRO · Metas e Goalposts,,,b02f6ab5-ff35-4b49-88ee-f52353787259,
26032,25960,idx_score_igro_kri1,"Score normalizado de 0 a 1 para o KRI 1 (% RDP): valor 1 quando RDP <= 1,0%; valor 0 quando RDP >= 2,0%.",8,"VAR valor = [ind_pct_mais_30_dias]
VAR meta = [meta_igro_kri1]
VAR goalpost = [goal_igro_kri1]
VAR score = DIVIDE ( goalpost - valor, goalpost - meta, 0 )
RETURN
    MIN ( MAX ( score, 0 ), 1 )",0.00%,False,1,29/04/2026 00:13:10,20/04/2026 18:06:26,,False,,06 · IGRO · Scores KRI,,,0734e67c-bf1e-4d4d-9fa0-b37835dedd68,
26033,25960,idx_score_igro_kri2,Score normalizado de 0 a 1 para o KRI 2 (TMR): valor 1 quando TMR <= 5 dias; valor 0 quando TMR >= 10 dias.,8,"VAR valor = [ind_media_tempo_resposta]
VAR meta = [meta_igro_kri2]
VAR goalpost = [goal_igro_kri2]
VAR score = DIVIDE ( goalpost - valor, goalpost - meta, 0 )
RETURN
    MIN ( MAX ( score, 0 ), 1 )",0.00%,False,1,29/04/2026 00:13:10,20/04/2026 18:06:26,,False,,06 · IGRO · Scores KRI,,,9cdcf00e-d9d4-48cc-8384-f01c541ca3be,
26034,25960,idx_score_igro_kri3,Score normalizado de 0 a 1 para o KRI 3 (TR): valor 1 quando TR >= 70%; valor 0 quando TR <= 50%.,8,"VAR valor = [ind_pct_resolutividade]
VAR meta = [meta_igro_kri3]
VAR goalpost = [goal_igro_kri3]
VAR score = DIVIDE ( valor - goalpost, meta - goalpost, 0 )
RETURN
    MIN ( MAX ( score, 0 ), 1 )",0.00%,False,1,29/04/2026 00:13:10,20/04/2026 18:06:26,,False,,06 · IGRO · Scores KRI,,,ecceac50-8a49-4114-90ef-3ee2726d116c,
26035,25960,idx_score_igro_kri4,"Score normalizado de 0 a 1 para o KRI 4 (% RI): valor 1 quando RI <= 2,5%; valor 0 quando RI >= 3,5%.",8,"VAR valor = [ind_pct_respostas_insatisfatorias]
VAR meta = [meta_igro_kri4]
VAR goalpost = [goal_igro_kri4]
VAR score = DIVIDE ( goalpost - valor, goalpost - meta, 0 )
RETURN
    MIN ( MAX ( score, 0 ), 1 )",0.00%,False,1,29/04/2026 00:13:10,20/04/2026 18:06:26,,False,,06 · IGRO · Scores KRI,,,071b7b0c-c66f-4ae2-b4cf-eeb5e547098c,
26036,25960,idx_score_igro_kri5,"Score normalizado de 0 a 1 para o KRI 5 (Nota de Recomendação): valor 1 quando NR >= 8,0; valor 0 quando NR <= 6,0.",8,"VAR valor = [ind_media_nota_recomendacao]
VAR meta = [meta_igro_kri5]
VAR goalpost = [goal_igro_kri5]
VAR score = DIVIDE ( valor - goalpost, meta - goalpost, 0 )
RETURN
    MIN ( MAX ( score, 0 ), 1 )",0.00%,False,1,29/04/2026 00:13:10,20/04/2026 18:06:26,,False,,06 · IGRO · Scores KRI,,,cf6f6142-eb5e-44ba-b6cc-6d482a132b16,
26037,25960,idx_igro_sub_t,Subíndice de Tempestividade (IT): média ponderada TMR=60% e % RDP=40%.,8,"VAR numerador =
    0.60 * [idx_score_igro_kri2]
        + 0.40 * [idx_score_igro_kri1]
RETURN
    MIN ( MAX ( numerador, 0 ), 1 )",0.00%,False,1,29/04/2026 00:13:10,20/04/2026 18:06:26,,False,,07 · IGRO · Índice,,,d85c5173-22df-4cf3-bd30-dd19df55f04f,
26038,25960,idx_igro_sub_q,"Subíndice de Qualidade (IQ): média ponderada TR=40%, % RI=30% e Nota de Recomendação=30%.",8,"VAR numerador =
    0.40 * [idx_score_igro_kri3]
        + 0.30 * [idx_score_igro_kri4]
        + 0.30 * [idx_score_igro_kri5]
RETURN
    MIN ( MAX ( numerador, 0 ), 1 )",0.00%,False,1,29/04/2026 00:13:10,20/04/2026 18:06:26,,False,,07 · IGRO · Índice,,,2a762a4d-37bc-41f8-ad98-b8e9ce7e0562,
26039,25960,idx_igro,Índice de Gestão de Riscos de Ouvidorias. Média geométrica simples: √(IT × IQ). Conforme metodologia IGRO — artigo CGU.,8,"VAR sub_t = [idx_igro_sub_t]
VAR sub_q = [idx_igro_sub_q]
VAR resultado =
    IF (
        AND ( sub_t > 0, sub_q > 0 ),
        SQRT ( sub_t * sub_q ),
        0
    )
RETURN
    MIN ( MAX ( resultado, 0 ), 1 )",0.00%,False,1,25/04/2026 21:06:24,20/04/2026 18:06:26,,False,,07 · IGRO · Índice,,,d1caa2e1-e5e7-4b81-be19-b467db94f3ce,
26040,25960,base_qtd_promotores,Respostas de pesquisa com nota de recomendação entre 9 e 10. Numerador do NPS. TREATAS propaga filtro de dOrgao_igro[sigla].,6,"VAR _siglas = VALUES(dOrgao_igro[sigla])
VAR resultado =
    CALCULATE(
        COUNTROWS(f_pesquisa),
        TREATAS(_siglas, f_pesquisa[sigla]),
        KEEPFILTERS(f_pesquisa[recomendaria] >= 9)
    )
RETURN
    COALESCE(resultado, 0)","#,0",False,1,21/04/2026 22:54:14,20/04/2026 18:51:59,,False,,02 · Pesquisa de Satisfação,,,db86ed60-40e9-4294-a6f3-68496b6a9765,
26041,25960,base_qtd_neutros,Respostas de pesquisa com nota de recomendação entre 7 e 8. Não entram no cálculo do NPS. TREATAS propaga filtro de dOrgao_igro[sigla].,6,"VAR _siglas = VALUES(dOrgao_igro[sigla])
VAR resultado =
    CALCULATE(
        COUNTROWS(f_pesquisa),
        TREATAS(_siglas, f_pesquisa[sigla]),
        KEEPFILTERS(f_pesquisa[recomendaria] >= 7),
        KEEPFILTERS(f_pesquisa[recomendaria] <= 8)
    )
RETURN
    COALESCE(resultado, 0)","#,0",False,1,21/04/2026 22:54:14,20/04/2026 18:51:59,,False,,02 · Pesquisa de Satisfação,,,eb5cf571-1b50-4e29-8add-2d33915584a8,
26042,25960,base_qtd_detratores,Respostas de pesquisa com nota de recomendação entre 1 e 6. Subtraídas no cálculo do NPS. TREATAS propaga filtro de dOrgao_igro[sigla].,6,"VAR _siglas = VALUES(dOrgao_igro[sigla])
VAR resultado =
    CALCULATE(
        COUNTROWS(f_pesquisa),
        TREATAS(_siglas, f_pesquisa[sigla]),
        KEEPFILTERS(f_pesquisa[recomendaria] <= 6)
    )
RETURN
    COALESCE(resultado, 0)","#,0",False,1,21/04/2026 22:54:14,20/04/2026 18:51:59,,False,,02 · Pesquisa de Satisfação,,,fa960ddd-974d-4aa5-bd3d-07b66f9e50a7,
26043,25960,base_qtd_procedente,Manifestações finalizadas com procedente = 'Sim'.,6,"VAR resultado =
    CALCULATE(
        [base_qtd_manifestacoes],
        KEEPFILTERS(f_relatorio[procedente] = ""Sim"")
    )
RETURN
    COALESCE(resultado, 0)","#,0",False,1,20/04/2026 21:05:13,20/04/2026 18:51:59,,False,,03 · Qualidade,,,c1466d02-66e8-4f11-a921-fdf60a974247,
26044,25960,base_qtd_com_recurso,Manifestações finalizadas que geraram ao menos um recurso (campo recurso preenchido).,6,"VAR resultado =
    CALCULATE(
        [base_qtd_manifestacoes_finalizadas],
        KEEPFILTERS(f_relatorio[recurso] <> BLANK())
    )
RETURN
    COALESCE(resultado, 0)","#,0",False,1,20/04/2026 21:05:13,20/04/2026 18:51:59,,False,,03 · Qualidade,,,22e4b70e-fa14-4633-9381-7f407d2fa33f,
26045,25960,ind_nps,NPS calculado: (% promotores − % detratores) × 100. Escala de −90 a +100.,8,"VAR promotores = DIVIDE([base_qtd_promotores], [base_qtd_pesquisa], 0)
VAR detratores = DIVIDE([base_qtd_detratores], [base_qtd_pesquisa], 0)
RETURN
    (promotores - detratores) * 100","#,0.0",False,1,20/04/2026 21:05:23,20/04/2026 18:52:08,,False,,02 · Pesquisa de Satisfação,,,20fe0102-c058-4ed9-b7c8-aece7c510a77,
26046,25960,ind_pct_promotores,Percentual de promotores (nota 9–10) sobre o total de pesquisas respondidas.,8,"DIVIDE([base_qtd_promotores], [base_qtd_pesquisa], 0)",0.0%,False,1,20/04/2026 21:05:23,20/04/2026 18:52:08,,False,,02 · Pesquisa de Satisfação,,,fa7f4990-224c-4d48-b0e3-02a1aab060eb,
26047,25960,ind_pct_neutros,Percentual de neutros (nota 7–8) sobre o total de pesquisas respondidas.,8,"DIVIDE([base_qtd_neutros], [base_qtd_pesquisa], 0)",0.0%,False,1,20/04/2026 21:05:23,20/04/2026 18:52:08,,False,,02 · Pesquisa de Satisfação,,,ffb950b9-e3ac-4dd8-8f54-04b1056f804c,
26048,25960,ind_pct_detratores,Percentual de detratores (nota 1–6) sobre o total de pesquisas respondidas.,8,"DIVIDE([base_qtd_detratores], [base_qtd_pesquisa], 0)",0.0%,False,1,20/04/2026 21:05:23,20/04/2026 18:52:08,,False,,02 · Pesquisa de Satisfação,,,85bae63e-9412-42fa-98b9-7702b03f4317,
26049,25960,ind_pct_procedencia,Percentual de manifestações com análise procedente sobre o total de finalizadas.,8,"DIVIDE([base_qtd_procedente], [base_qtd_manifestacoes_finalizadas], 0)",0.00%,False,1,20/04/2026 21:05:23,20/04/2026 18:52:08,,False,,03 · Qualidade,,,722036ee-5707-4ecf-9447-929ba7a37995,
26050,25960,ind_pct_recurso,Percentual de manifestações que geraram recurso sobre o total de finalizadas. Indicador de retrabalho.,8,"DIVIDE([base_qtd_com_recurso], [base_qtd_manifestacoes_finalizadas], 0)",0.00%,False,1,20/04/2026 21:05:23,20/04/2026 18:52:08,,False,,03 · Qualidade,,,b0ed9538-de04-4105-b096-ed8480bbd638,
26051,25960,ind_pct_cobertura_reclamacao,Percentual de Reclamações finalizadas que receberam resposta na pesquisa de satisfação.,8,"VAR pesquisas =
    CALCULATE(
        [base_qtd_pesquisa],
        KEEPFILTERS(f_relatorio[tipo_manifestacao] = ""Reclamação"")
    )
VAR demandas =
    CALCULATE(
        [base_qtd_manifestacoes_finalizadas],
        KEEPFILTERS(f_relatorio[tipo_manifestacao] = ""Reclamação"")
    )
RETURN
    DIVIDE(pesquisas, demandas, 0)",0.00%,False,1,20/04/2026 21:05:23,20/04/2026 18:52:08,,False,,03 · Qualidade,,,da27caa0-eed2-4f5c-86aa-68a9fac56eba,
26052,25960,fmt_semaforo_nps,"Rótulo de semáforo para o NPS: Verde (≥50), Amarelo (0–49), Laranja (-49 a -1), Vermelho (<-50).",2,"VAR v = [ind_nps]
RETURN
    SWITCH(
        TRUE(),
        v >= 50,  ""Verde — Excelente"",
        v >= 0,   ""Amarelo — Razonável"",
        v >= -50, ""Laranja — Ruim"",
        ""Vermelho — Crítico""
    )",,False,1,20/04/2026 21:05:54,20/04/2026 18:52:17,,False,,08 · Formatação,,,01084952-ce16-4e3e-aee8-001c5ed82bcf,
26053,25960,fmt_cor_fundo_nps,Cor de fundo hexadecimal para o NPS conforme faixa.,2,"VAR v = [ind_nps]
RETURN
    SWITCH(
        TRUE(),
        v >= 50,  ""#EAF3DE"",
        v >= 0,   ""#FAEEDA"",
        v >= -50, ""#FAECE7"",
        ""#FCEBEB""
    )",,False,1,20/04/2026 21:05:54,20/04/2026 18:52:17,,False,,08 · Formatação,,,657f6e9b-817b-4f50-b83a-3f656955d94e,
26054,25960,fmt_cor_fonte_nps,Cor de fonte hexadecimal para o NPS conforme faixa.,2,"VAR v = [ind_nps]
RETURN
    SWITCH(
        TRUE(),
        v >= 50,  ""#27500A"",
        v >= 0,   ""#633806"",
        v >= -50, ""#712B13"",
        ""#791F1F""
    )",,False,1,20/04/2026 21:05:54,20/04/2026 18:52:17,,False,,08 · Formatação,,,526c2c00-31d3-4190-b722-89cbfed0aa68,
26055,25960,fmt_semaforo_procedencia,"Rótulo de semáforo para ind_pct_procedencia: Verde (≥60%), Amarelo (40–59%), Laranja (20–39%), Vermelho (<20%).",2,"VAR v = [ind_pct_procedencia]
RETURN
    SWITCH(
        TRUE(),
        v >= 0.60, ""Verde — Alta"",
        v >= 0.40, ""Amarelo — Média"",
        v >= 0.20, ""Laranja — Baixa"",
        ""Vermelho — Muito baixa""
    )",,False,1,20/04/2026 21:05:54,20/04/2026 18:52:17,,False,,08 · Formatação,,,fc5308ac-44d9-45de-8ccb-5869d872be05,
26056,25960,fmt_semaforo_recurso,"Rótulo de semáforo para ind_pct_recurso: Verde (≤1%), Amarelo (1–3%), Laranja (3–5%), Vermelho (>5%).",2,"VAR v = [ind_pct_recurso]
RETURN
    SWITCH(
        TRUE(),
        v <= 0.01, ""Verde — Baixo"",
        v <= 0.03, ""Amarelo — Moderado"",
        v <= 0.05, ""Laranja — Alto"",
        ""Vermelho — Crítico""
    )",,False,1,20/04/2026 21:05:54,20/04/2026 18:52:17,,False,,08 · Formatação,,,2df1fd16-7df0-49ba-b844-70373e07b949,
26057,25960,fmt_semaforo_igro,"Rótulo de semáforo para o IGRO conforme faixas da metodologia (artigo CGU): Verde ≥90%, Amarelo 70–89%, Laranja 50–69%, Vermelho <50%.",2,"VAR v = [idx_igro]
RETURN
    IF ( ISBLANK(v), BLANK(),
    IF ( v >= 0.90, ""Controlado"",
    IF ( v >= 0.70, ""Em atenção"",
    IF ( v >= 0.50, ""Elevado"", ""Crítico"" ))))",@,False,1,25/04/2026 21:06:40,20/04/2026 18:56:27,,False,,08 · Formatação,,,6860be8f-63fc-4b93-abee-253522d4a169,
26058,25960,fmt_semaforo_igro_sub_t,Rótulo de semáforo para o Sub-T com faixas da metodologia IGRO (artigo CGU).,2,"VAR v = [idx_igro_sub_t]
RETURN
    IF ( ISBLANK(v), BLANK(),
    IF ( v >= 0.90, ""Controlado"",
    IF ( v >= 0.70, ""Em atenção"",
    IF ( v >= 0.50, ""Elevado"", ""Crítico"" ))))",@,False,1,25/04/2026 21:06:40,20/04/2026 18:56:27,,False,,08 · Formatação,,,4a69399b-ef67-466e-95a6-4228e1b57f43,
26059,25960,fmt_semaforo_igro_sub_q,Rótulo de semáforo para o Sub-Q com faixas da metodologia IGRO (artigo CGU).,2,"VAR v = [idx_igro_sub_q]
RETURN
    IF ( ISBLANK(v), BLANK(),
    IF ( v >= 0.90, ""Controlado"",
    IF ( v >= 0.70, ""Em atenção"",
    IF ( v >= 0.50, ""Elevado"", ""Crítico"" ))))",@,False,1,25/04/2026 21:06:40,20/04/2026 18:56:27,,False,,08 · Formatação,,,56f64d9e-34f3-4319-86fa-6ab695773a02,
26060,25960,fmt_cor_fundo_igro,"Cor de fundo hexadecimal para o IGRO conforme faixas da metodologia (artigo CGU). Controlado=#27AE60, Em atenção=#F39C12, Elevado=#E67E22, Crítico=#E74C3C.",2,"VAR v = [idx_igro]
RETURN
    IF ( ISBLANK(v), BLANK(),
    IF ( v >= 0.90, ""#27AE60"",
    IF ( v >= 0.70, ""#F39C12"",
    IF ( v >= 0.50, ""#E67E22"", ""#E74C3C"" ))))",@,False,1,25/04/2026 21:06:40,20/04/2026 18:56:27,,False,,08 · Formatação,,,1dec7bbd-250b-4eb8-899d-130a7c7ed774,
26061,25960,fmt_cor_fonte_igro,Cor de fonte hexadecimal para o IGRO conforme faixa de risco. Usar em formatação condicional de cor de fonte.,2,"VAR v = [idx_igro]
RETURN SWITCH(TRUE(), v >= 0.80, ""#27500A"", v >= 0.60, ""#633806"", v >= 0.40, ""#712B13"", ""#791F1F"")",,False,1,20/04/2026 21:05:54,20/04/2026 18:56:27,,False,,08 · Formatação,,,4e725663-f21f-420a-9898-47f4bae8ed62,
26062,25960,fmt_cor_fundo_igro_sub_t,Cor de fundo hexadecimal para o Sub-T conforme faixas da metodologia IGRO (artigo CGU).,2,"VAR v = [idx_igro_sub_t]
RETURN
    IF ( ISBLANK(v), BLANK(),
    IF ( v >= 0.90, ""#27AE60"",
    IF ( v >= 0.70, ""#F39C12"",
    IF ( v >= 0.50, ""#E67E22"", ""#E74C3C"" ))))",@,False,1,25/04/2026 21:06:40,20/04/2026 18:56:27,,False,,08 · Formatação,,,6a203f84-d1a7-40ac-9f69-2e1586660121,
26063,25960,fmt_cor_fundo_igro_sub_q,Cor de fundo hexadecimal para o Sub-Q conforme faixas da metodologia IGRO (artigo CGU).,2,"VAR v = [idx_igro_sub_q]
RETURN
    IF ( ISBLANK(v), BLANK(),
    IF ( v >= 0.90, ""#27AE60"",
    IF ( v >= 0.70, ""#F39C12"",
    IF ( v >= 0.50, ""#E67E22"", ""#E74C3C"" ))))",@,False,1,25/04/2026 21:06:40,20/04/2026 18:56:27,,False,,08 · Formatação,,,ca8b383d-be2f-4f1f-9603-35f68cd5ff5e,
29228,25960,var_tmr,Variação absoluta do TMR vs. período anterior. Negativo = melhora (menos dias).,8,"VAR atual = [ind_media_tempo_resposta]
VAR anterior = CALCULATE([ind_media_tempo_resposta], PREVIOUSYEAR(f_relatorio[data_manifestacao]))
RETURN IF(ISBLANK(anterior), BLANK(), atual - anterior)","#,0.0",False,1,20/04/2026 21:10:25,20/04/2026 21:10:25,,False,,09 · Variação,,,c891f02d-bffa-4640-8345-3762fc18db73,
29229,25960,var_pct_mais_30_dias,Variação absoluta do % de manifestações com mais de 30 dias vs. período anterior. Negativo = melhora.,8,"VAR atual = [ind_pct_mais_30_dias]
VAR anterior = CALCULATE([ind_pct_mais_30_dias], PREVIOUSYEAR(f_relatorio[data_manifestacao]))
RETURN IF(ISBLANK(anterior), BLANK(), atual - anterior)",0.00%,False,1,20/04/2026 21:10:25,20/04/2026 21:10:25,,False,,09 · Variação,,,1c56bc1d-87f3-466a-95cc-4978c96104b6,
29230,25960,var_resolutividade,Variação absoluta da resolutividade vs. período anterior. Positivo = melhora.,8,"VAR atual = [ind_pct_resolutividade]
VAR anterior = CALCULATE([ind_pct_resolutividade], PREVIOUSYEAR(f_pesquisa[data_manifestacao]))
RETURN IF(ISBLANK(anterior), BLANK(), atual - anterior)",0.00%,False,1,20/04/2026 21:10:25,20/04/2026 21:10:25,,False,,09 · Variação,,,ae83fded-e868-45a8-a90e-29f348761814,
29231,25960,var_insatisfatorias,Variação absoluta do % de respostas insatisfatórias vs. período anterior. Negativo = melhora. Eixo temporal via dCalendario (corrigido).,8,"VAR atual = [ind_pct_respostas_insatisfatorias]
VAR _min_data = MIN(dCalendario[Date])
VAR _max_data = MAX(dCalendario[Date])
VAR anterior =
    CALCULATE(
        [ind_pct_respostas_insatisfatorias],
        FILTER(
            ALL(dCalendario),
            dCalendario[Date] >= DATE(YEAR(_min_data)-1, MONTH(_min_data), DAY(_min_data)) &&
            dCalendario[Date] <= DATE(YEAR(_max_data)-1, MONTH(_max_data), DAY(_max_data))
        )
    )
RETURN
    IF(ISBLANK(anterior), BLANK(), atual - anterior)",0.00%,False,1,21/04/2026 22:54:24,20/04/2026 21:10:25,,False,,09 · Variação,,,d463df8c-6c69-4dc6-be03-71fbb93504b0,
29232,25960,var_nota,Variação absoluta da nota média de recomendação vs. período anterior. Positivo = melhora.,8,"VAR atual = [ind_media_nota_recomendacao]
VAR anterior = CALCULATE([ind_media_nota_recomendacao], PREVIOUSYEAR(f_pesquisa[data_manifestacao]))
RETURN IF(ISBLANK(anterior), BLANK(), atual - anterior)","#,0.0",False,1,20/04/2026 21:10:25,20/04/2026 21:10:25,,False,,09 · Variação,,,bc6ff1d6-873c-47fb-bfb9-903664125972,
29233,25960,var_nps,Variação absoluta do NPS vs. período anterior. Positivo = melhora.,8,"VAR atual = [ind_nps]
VAR anterior = CALCULATE([ind_nps], PREVIOUSYEAR(f_pesquisa[data_manifestacao]))
RETURN IF(ISBLANK(anterior), BLANK(), atual - anterior)","#,0.0",False,1,20/04/2026 21:10:25,20/04/2026 21:10:25,,False,,09 · Variação,,,55fff64a-8391-4d98-b56d-11a0fc2c31eb,
29234,25960,var_igro,Variação absoluta do IGRO vs. período anterior. Positivo = melhora.,8,"VAR atual = [idx_igro]
VAR anterior = CALCULATE([idx_igro], PREVIOUSYEAR(f_relatorio[data_manifestacao]))
RETURN IF(ISBLANK(anterior), BLANK(), atual - anterior)",0.00%,False,1,20/04/2026 21:10:25,20/04/2026 21:10:25,,False,,09 · Variação,,,30a0f1e2-af13-467e-b2a8-f3cacdaccce6,
29235,25960,var_igro_sub_t,Variação absoluta do Sub-T vs. período anterior. Positivo = melhora.,8,"VAR atual = [idx_igro_sub_t]
VAR anterior = CALCULATE([idx_igro_sub_t], PREVIOUSYEAR(f_relatorio[data_manifestacao]))
RETURN IF(ISBLANK(anterior), BLANK(), atual - anterior)",0.00%,False,1,20/04/2026 21:10:25,20/04/2026 21:10:25,,False,,09 · Variação,,,cabbc732-f217-4be7-b519-dd1a0103c4cb,
29236,25960,var_igro_sub_q,Variação absoluta do Sub-Q vs. período anterior. Positivo = melhora.,8,"VAR atual = [idx_igro_sub_q]
VAR anterior = CALCULATE([idx_igro_sub_q], PREVIOUSYEAR(f_relatorio[data_manifestacao]))
RETURN IF(ISBLANK(anterior), BLANK(), atual - anterior)",0.00%,False,1,20/04/2026 21:10:25,20/04/2026 21:10:25,,False,,09 · Variação,,,6f206bea-0cc4-4ae6-a044-14222b20c04d,
29237,25960,var_recurso,Variação absoluta do % de recurso vs. período anterior. Negativo = melhora.,8,"VAR atual = [ind_pct_recurso]
VAR anterior = CALCULATE([ind_pct_recurso], PREVIOUSYEAR(f_relatorio[data_manifestacao]))
RETURN IF(ISBLANK(anterior), BLANK(), atual - anterior)",0.00%,False,1,20/04/2026 21:10:25,20/04/2026 21:10:25,,False,,09 · Variação,,,80fc97b5-2ca1-403d-bb73-5a843e213b4a,
29238,25960,var_cobertura_reclamacao,Variação absoluta da cobertura de pesquisa em Reclamações vs. período anterior. Positivo = melhora.,8,"VAR atual = [ind_pct_cobertura_reclamacao]
VAR anterior = CALCULATE([ind_pct_cobertura_reclamacao], PREVIOUSYEAR(f_pesquisa[data_manifestacao]))
RETURN IF(ISBLANK(anterior), BLANK(), atual - anterior)",0.00%,False,1,20/04/2026 21:10:25,20/04/2026 21:10:25,,False,,09 · Variação,,,30843bb0-3fe9-4477-85d9-a079066f494b,
29239,25960,sem_tmr,"Semáforo do TMR com polaridade negativa: 🟢 quando cai (melhora), 🔴 quando sobe (piora). Neutro quando variação = 0 ou BLANK.",2,"VAR delta = [var_tmr]
VAR polaridade = -1
RETURN
    IF(
        ISBLANK(delta), ""⏸️"",
        IF(delta = 0, ""⏹️"",
            IF(delta * polaridade > 0, ""🟢"", ""🔴"")
        )
    )",,False,1,20/04/2026 21:10:46,20/04/2026 21:10:46,,False,,10 · Semáforo · Variação,,,0d03c048-4523-4cb4-99bc-8394c627d64e,
29240,25960,sem_pct_mais_30_dias,Semáforo do % +30 dias com polaridade negativa: 🟢 quando cai.,2,"VAR delta = [var_pct_mais_30_dias]
VAR polaridade = -1
RETURN
    IF(
        ISBLANK(delta), ""⏸️"",
        IF(delta = 0, ""⏹️"",
            IF(delta * polaridade > 0, ""🟢"", ""🔴"")
        )
    )",,False,1,20/04/2026 21:10:46,20/04/2026 21:10:46,,False,,10 · Semáforo · Variação,,,8fa49dd7-8c53-4ac2-a90b-4a178599028f,
29241,25960,sem_resolutividade,Semáforo da resolutividade com polaridade positiva: 🟢 quando sobe.,2,"VAR delta = [var_resolutividade]
VAR polaridade = 1
RETURN
    IF(
        ISBLANK(delta), ""⏸️"",
        IF(delta = 0, ""⏹️"",
            IF(delta * polaridade > 0, ""🟢"", ""🔴"")
        )
    )",,False,1,20/04/2026 21:10:46,20/04/2026 21:10:46,,False,,10 · Semáforo · Variação,,,f9a14ac1-73b9-4dd5-937a-989ef6eeef70,
29242,25960,sem_insatisfatorias,Semáforo das respostas insatisfatórias com polaridade negativa: 🟢 quando cai.,2,"VAR delta = [var_insatisfatorias]
VAR polaridade = -1
RETURN
    IF(
        ISBLANK(delta), ""⏸️"",
        IF(delta = 0, ""⏹️"",
            IF(delta * polaridade > 0, ""🟢"", ""🔴"")
        )
    )",,False,1,20/04/2026 21:10:46,20/04/2026 21:10:46,,False,,10 · Semáforo · Variação,,,a6ef1de8-24a3-4d7c-aabc-c86d4eedb002,
29243,25960,sem_nota,Semáforo da nota média com polaridade positiva: 🟢 quando sobe.,2,"VAR delta = [var_nota]
VAR polaridade = 1
RETURN
    IF(
        ISBLANK(delta), ""⏸️"",
        IF(delta = 0, ""⏹️"",
            IF(delta * polaridade > 0, ""🟢"", ""🔴"")
        )
    )",,False,1,20/04/2026 21:10:46,20/04/2026 21:10:46,,False,,10 · Semáforo · Variação,,,511c3bbd-9d99-4182-bda6-e143e6a678f8,
29244,25960,sem_nps,Semáforo do NPS com polaridade positiva: 🟢 quando sobe.,2,"VAR delta = [var_nps]
VAR polaridade = 1
RETURN
    IF(
        ISBLANK(delta), ""⏸️"",
        IF(delta = 0, ""⏹️"",
            IF(delta * polaridade > 0, ""🟢"", ""🔴"")
        )
    )",,False,1,20/04/2026 21:10:46,20/04/2026 21:10:46,,False,,10 · Semáforo · Variação,,,24edf33f-c9e1-4068-888d-f3035fe86317,
29245,25960,sem_igro,Semáforo do IGRO com polaridade positiva: 🟢 quando sobe.,2,"VAR delta = [var_igro]
VAR polaridade = 1
RETURN
    IF(
        ISBLANK(delta), ""⏸️"",
        IF(delta = 0, ""⏹️"",
            IF(delta * polaridade > 0, ""🟢"", ""🔴"")
        )
    )",,False,1,20/04/2026 21:10:46,20/04/2026 21:10:46,,False,,10 · Semáforo · Variação,,,cf2d831f-a6e3-49b9-87f0-94330255cca8,
29246,25960,sem_igro_sub_t,Semáforo do Sub-T com polaridade positiva.,2,"VAR delta = [var_igro_sub_t]
VAR polaridade = 1
RETURN
    IF(
        ISBLANK(delta), ""⏸️"",
        IF(delta = 0, ""⏹️"",
            IF(delta * polaridade > 0, ""🟢"", ""🔴"")
        )
    )",,False,1,20/04/2026 21:10:46,20/04/2026 21:10:46,,False,,10 · Semáforo · Variação,,,73afc378-86cf-42b0-9d15-1e67ff7b324f,
29247,25960,sem_igro_sub_q,Semáforo do Sub-Q com polaridade positiva.,2,"VAR delta = [var_igro_sub_q]
VAR polaridade = 1
RETURN
    IF(
        ISBLANK(delta), ""⏸️"",
        IF(delta = 0, ""⏹️"",
            IF(delta * polaridade > 0, ""🟢"", ""🔴"")
        )
    )",,False,1,20/04/2026 21:10:46,20/04/2026 21:10:46,,False,,10 · Semáforo · Variação,,,971657e4-ea14-46d3-ab2c-0f42e890bb11,
29248,25960,sem_recurso,Semáforo do % de recurso com polaridade negativa: 🟢 quando cai.,2,"VAR delta = [var_recurso]
VAR polaridade = -1
RETURN
    IF(
        ISBLANK(delta), ""⏸️"",
        IF(delta = 0, ""⏹️"",
            IF(delta * polaridade > 0, ""🟢"", ""🔴"")
        )
    )",,False,1,20/04/2026 21:10:46,20/04/2026 21:10:46,,False,,10 · Semáforo · Variação,,,fe1b818f-88ba-4feb-8621-249352bd2580,
29249,25960,sem_cobertura_reclamacao,Semáforo da cobertura de pesquisa em Reclamações com polaridade positiva: 🟢 quando sobe.,2,"VAR delta = [var_cobertura_reclamacao]
VAR polaridade = 1
RETURN
    IF(
        ISBLANK(delta), ""⏸️"",
        IF(delta = 0, ""⏹️"",
            IF(delta * polaridade > 0, ""🟢"", ""🔴"")
        )
    )",,False,1,20/04/2026 21:10:46,20/04/2026 21:10:46,,False,,10 · Semáforo · Variação,,,3822630e-317f-4859-a729-3a5824b299a1,
29250,25960,lbl_tmr,Rótulo completo para cartão do TMR: valor atual + semáforo + delta formatado.,2,"VAR valor = [ind_media_tempo_resposta]
VAR delta = [var_tmr]
VAR emoji = [sem_tmr]
VAR sinal = IF(delta > 0, ""+"", """")
VAR delta_fmt = IF(ISBLANK(delta), """", "" ("" & sinal & FORMAT(delta, ""0.0"") & ""d)"")
RETURN
    emoji & "" "" & FORMAT(valor, ""0.0"") & ""d"" & delta_fmt",,False,1,20/04/2026 21:11:05,20/04/2026 21:11:04,,False,,11 · Rótulo · Cartão,,,9e653968-7a64-4c95-a12a-1455179208f1,
29251,25960,lbl_pct_mais_30_dias,Rótulo completo para cartão do % +30 dias.,2,"VAR valor = [ind_pct_mais_30_dias]
VAR delta = [var_pct_mais_30_dias]
VAR emoji = [sem_pct_mais_30_dias]
VAR sinal = IF(delta > 0, ""+"", """")
VAR delta_fmt = IF(ISBLANK(delta), """", "" ("" & sinal & FORMAT(delta, ""0.0%"") & "")"")
RETURN
    emoji & "" "" & FORMAT(valor, ""0.0%"") & delta_fmt",,False,1,20/04/2026 21:11:05,20/04/2026 21:11:04,,False,,11 · Rótulo · Cartão,,,4c35ddc7-15f2-4a58-99e7-e800c6797482,
29252,25960,lbl_resolutividade,Rótulo completo para cartão da resolutividade.,2,"VAR valor = [ind_pct_resolutividade]
VAR delta = [var_resolutividade]
VAR emoji = [sem_resolutividade]
VAR sinal = IF(delta > 0, ""+"", """")
VAR delta_fmt = IF(ISBLANK(delta), """", "" ("" & sinal & FORMAT(delta, ""0.0%"") & "")"")
RETURN
    emoji & "" "" & FORMAT(valor, ""0.0%"") & delta_fmt",,False,1,20/04/2026 21:11:05,20/04/2026 21:11:04,,False,,11 · Rótulo · Cartão,,,6121b299-4e03-4dd7-844c-cf440ff12f79,
29253,25960,lbl_insatisfatorias,Rótulo completo para cartão das respostas insatisfatórias.,2,"VAR valor = [ind_pct_respostas_insatisfatorias]
VAR delta = [var_insatisfatorias]
VAR emoji = [sem_insatisfatorias]
VAR sinal = IF(delta > 0, ""+"", """")
VAR delta_fmt = IF(ISBLANK(delta), """", "" ("" & sinal & FORMAT(delta, ""0.0%"") & "")"")
RETURN
    emoji & "" "" & FORMAT(valor, ""0.0%"") & delta_fmt",,False,1,20/04/2026 21:11:05,20/04/2026 21:11:04,,False,,11 · Rótulo · Cartão,,,a0f4d72c-906b-428d-a35c-e74136cfc4f7,
29254,25960,lbl_nota,Rótulo completo para cartão da nota média.,2,"VAR valor = [ind_media_nota_recomendacao]
VAR delta = [var_nota]
VAR emoji = [sem_nota]
VAR sinal = IF(delta > 0, ""+"", """")
VAR delta_fmt = IF(ISBLANK(delta), """", "" ("" & sinal & FORMAT(delta, ""0.0"") & "")"")
RETURN
    emoji & "" "" & FORMAT(valor, ""0.0"") & delta_fmt",,False,1,20/04/2026 21:11:05,20/04/2026 21:11:04,,False,,11 · Rótulo · Cartão,,,02723518-6d57-45ef-8828-edfe35f7a4be,
29255,25960,lbl_nps,Rótulo completo para cartão do NPS.,2,"VAR valor = [ind_nps]
VAR delta = [var_nps]
VAR emoji = [sem_nps]
VAR sinal = IF(delta > 0, ""+"", """")
VAR delta_fmt = IF(ISBLANK(delta), """", "" ("" & sinal & FORMAT(delta, ""0.0"") & "")"")
VAR sinal_valor = IF(valor > 0, ""+"", """")
RETURN
    emoji & "" "" & sinal_valor & FORMAT(valor, ""0.0"") & delta_fmt",,False,1,20/04/2026 21:11:05,20/04/2026 21:11:04,,False,,11 · Rótulo · Cartão,,,6fbaf6f9-6daf-4d87-b199-0678bc041b37,
29256,25960,lbl_igro,Rótulo completo para cartão do IGRO.,2,"VAR valor = [idx_igro]
VAR delta = [var_igro]
VAR emoji = [sem_igro]
VAR sinal = IF(delta > 0, ""+"", """")
VAR delta_fmt = IF(ISBLANK(delta), """", "" ("" & sinal & FORMAT(delta, ""0.0%"") & "")"")
RETURN
    emoji & "" "" & FORMAT(valor, ""0.0%"") & delta_fmt",,False,1,20/04/2026 21:11:05,20/04/2026 21:11:04,,False,,11 · Rótulo · Cartão,,,021a2387-90c5-421b-8a5d-3befd76eb459,
29257,25960,lbl_igro_sub_t,Rótulo completo para cartão do Sub-T.,2,"VAR valor = [idx_igro_sub_t]
VAR delta = [var_igro_sub_t]
VAR emoji = [sem_igro_sub_t]
VAR sinal = IF(delta > 0, ""+"", """")
VAR delta_fmt = IF(ISBLANK(delta), """", "" ("" & sinal & FORMAT(delta, ""0.0%"") & "")"")
RETURN
    emoji & "" "" & FORMAT(valor, ""0.0%"") & delta_fmt",,False,1,20/04/2026 21:11:05,20/04/2026 21:11:04,,False,,11 · Rótulo · Cartão,,,f5ac9652-9840-4c40-a1ca-4845032c0e24,
29258,25960,lbl_igro_sub_q,Rótulo completo para cartão do Sub-Q.,2,"VAR valor = [idx_igro_sub_q]
VAR delta = [var_igro_sub_q]
VAR emoji = [sem_igro_sub_q]
VAR sinal = IF(delta > 0, ""+"", """")
VAR delta_fmt = IF(ISBLANK(delta), """", "" ("" & sinal & FORMAT(delta, ""0.0%"") & "")"")
RETURN
    emoji & "" "" & FORMAT(valor, ""0.0%"") & delta_fmt",,False,1,20/04/2026 21:11:05,20/04/2026 21:11:04,,False,,11 · Rótulo · Cartão,,,c66152c9-9530-4a73-a115-fc2f5d1dee6b,
29259,25960,_JSON Orgaos,"Array JSON com IGRO e KRIs por órgão, ordenado por IGRO desc. Usa SUMMARIZE com colunas calculadas.",2,"VAR _t =
    ADDCOLUMNS(
        SUMMARIZE(f_relatorio, f_relatorio[sigla]),
        ""_qtd"",   [base_qtd_manifestacoes],
        ""_igro"",  [idx_igro],
        ""_sub_t"", [idx_igro_sub_t],
        ""_sub_q"", [idx_igro_sub_q],
        ""_tmr"",   [ind_media_tempo_resposta],
        ""_res"",   [ind_pct_resolutividade],
        ""_nota"",  [ind_media_nota_recomendacao],
        ""_ins"",   [ind_pct_respostas_insatisfatorias],
        ""_nps"",   [ind_nps],
        ""_k1"",    [idx_score_igro_kri1],
        ""_k2"",    [idx_score_igro_kri2],
        ""_k3"",    [idx_score_igro_kri3],
        ""_k4"",    [idx_score_igro_kri4],
        ""_k5"",    [idx_score_igro_kri5]
    )
VAR _s = TOPN(60, _t, [_igro], DESC)
RETURN
    ""["" &
    CONCATENATEX(
        _s,
        ""{"" &
            """"""s"""":""""""
                & SUBSTITUTE(f_relatorio[sigla], """""""", ""'"") & """""","" &
            """"""n"""":"" & SUBSTITUTE(FORMAT([_qtd],  ""0""),      "","", ""."") & "","" &
            """"""i"""":"" & SUBSTITUTE(FORMAT([_igro], ""0.0000""), "","", ""."") & "","" &
            """"""t"""":"" & SUBSTITUTE(FORMAT([_sub_t],""0.0000""), "","", ""."") & "","" &
            """"""q"""":"" & SUBSTITUTE(FORMAT([_sub_q],""0.0000""), "","", ""."") & "","" &
            """"""m"""":"" & SUBSTITUTE(FORMAT([_tmr],  ""0.00""),   "","", ""."") & "","" &
            """"""r"""":"" & SUBSTITUTE(FORMAT([_res],  ""0.0000""), "","", ""."") & "","" &
            """"""a"""":"" & SUBSTITUTE(FORMAT([_nota], ""0.00""),   "","", ""."") & "","" &
            """"""x"""":"" & SUBSTITUTE(FORMAT([_ins],  ""0.0000""), "","", ""."") & "","" &
            """"""p"""":"" & SUBSTITUTE(FORMAT([_nps],  ""0.00""),   "","", ""."") & "","" &
            """"""k1"""":""& SUBSTITUTE(FORMAT([_k1],  ""0.0000""), "","", ""."") & "","" &
            """"""k2"""":""& SUBSTITUTE(FORMAT([_k2],  ""0.0000""), "","", ""."") & "","" &
            """"""k3"""":""& SUBSTITUTE(FORMAT([_k3],  ""0.0000""), "","", ""."") & "","" &
            """"""k4"""":""& SUBSTITUTE(FORMAT([_k4],  ""0.0000""), "","", ""."") & "","" &
            """"""k5"""":""& SUBSTITUTE(FORMAT([_k5],  ""0.0000""), "","", ""."") &
        ""}"",
        "","",
        [_igro], DESC
    ) &
    ""]""",,False,1,20/04/2026 21:34:47,20/04/2026 21:34:16,,False,,12 · JSON · Dashboard,,,99c13910-be70-4f4c-b7c2-02b371a23229,
29260,25960,_JSON Tipos,Array JSON com distribuição por tipo de manifestação.,2,"VAR _tot = [base_qtd_manifestacoes]
VAR _t =
    ADDCOLUMNS(
        SUMMARIZE(f_relatorio, f_relatorio[tipo_manifestacao]),
        ""_qtd"",  [base_qtd_manifestacoes],
        ""_ins"",  [base_qtd_respostas_insatisfatorias],
        ""_pesq"", [base_qtd_pesquisa]
    )
VAR _s = TOPN(10, _t, [_qtd], DESC)
RETURN
    ""["" &
    CONCATENATEX(
        _s,
        ""{"" &
            """"""tipo"""":""""""
                & SUBSTITUTE(f_relatorio[tipo_manifestacao], """""""", ""'"") & """""","" &
            """"""n"""":""    & SUBSTITUTE(FORMAT([_qtd],  ""0""),      "","", ""."") & "","" &
            """"""ins"""":""  & SUBSTITUTE(FORMAT([_ins],  ""0""),      "","", ""."") & "","" &
            """"""pesq"""":"" & SUBSTITUTE(FORMAT([_pesq], ""0""),      "","", ""."") & "","" &
            """"""pct"""":""  & SUBSTITUTE(FORMAT(DIVIDE([_qtd], _tot, 0), ""0.0000""), "","", ""."") &
        ""}"",
        "","",
        [_qtd], DESC
    ) &
    ""]""",,False,1,20/04/2026 21:34:56,20/04/2026 21:34:30,,False,,12 · JSON · Dashboard,,,8f442eb8-9404-4b40-ac53-aa467be49210,
29261,25960,_JSON KPIs,Array JSON com KPIs globais da rede para injeção direta nos cards do dashboard.,2,"VAR _igro  = SUBSTITUTE(FORMAT([idx_igro], ""0.0000""), "","", ""."")
VAR _sub_t = SUBSTITUTE(FORMAT([idx_igro_sub_t], ""0.0000""), "","", ""."")
VAR _sub_q = SUBSTITUTE(FORMAT([idx_igro_sub_q], ""0.0000""), "","", ""."")
VAR _tmr   = SUBSTITUTE(FORMAT([ind_media_tempo_resposta], ""0.00""), "","", ""."")
VAR _res   = SUBSTITUTE(FORMAT([ind_pct_resolutividade], ""0.0000""), "","", ""."")
VAR _nota  = SUBSTITUTE(FORMAT([ind_media_nota_recomendacao], ""0.00""), "","", ""."")
VAR _ins   = SUBSTITUTE(FORMAT([ind_pct_respostas_insatisfatorias], ""0.0000""), "","", ""."")
VAR _nps   = SUBSTITUTE(FORMAT([ind_nps], ""0.00""), "","", ""."")
VAR _p30   = SUBSTITUTE(FORMAT([ind_pct_mais_30_dias], ""0.0000""), "","", ""."")
VAR _tot   = SUBSTITUTE(FORMAT([base_qtd_manifestacoes], ""0""), "","", ""."")
VAR _pesq  = SUBSTITUTE(FORMAT([base_qtd_pesquisa], ""0""), "","", ""."")
VAR _prc   = SUBSTITUTE(FORMAT([ind_pct_procedencia], ""0.0000""), "","", ""."")
VAR _rec   = SUBSTITUTE(FORMAT([ind_pct_recurso], ""0.0000""), "","", ""."")
RETURN
    ""{"" &
    """"""igro"""": ""    & _igro  & "","" &
    """"""sub_t"""": ""   & _sub_t & "","" &
    """"""sub_q"""": ""   & _sub_q & "","" &
    """"""tmr"""": ""     & _tmr   & "","" &
    """"""res"""": ""     & _res   & "","" &
    """"""nota"""": ""    & _nota  & "","" &
    """"""ins"""": ""     & _ins   & "","" &
    """"""nps"""": ""     & _nps   & "","" &
    """"""p30"""": ""     & _p30   & "","" &
    """"""total"""": ""   & _tot   & "","" &
    """"""pesq"""": ""    & _pesq  & "","" &
    """"""proc"""": ""    & _prc   & "","" &
    """"""recurso"""": "" & _rec   &
    ""}""",,False,1,20/04/2026 21:34:30,20/04/2026 21:34:30,,False,,12 · JSON · Dashboard,,,6a73408b-e0c3-4c77-9b7e-aec6c577bb1e,
29262,25960,HTML Dashboard IGRO,"Dashboard HTML interativo do IGRO. Tema dark, cards KPI, ranking de órgãos, distribuição por tipo, tabela com busca e export CSV.",2,"VAR _sc = ""scr"" & ""ipt""
VAR _scx = ""/scr"" & ""ipt""

VAR _css =
""<style>"" &
""*{box-sizing:border-box;margin:0;padding:0;font-family:'Segoe UI',sans-serif}"" &
""body{background:#0d0d0d;color:#e5e7eb;padding:10px}"" &
"".topbar{display:flex;align-items:center;gap:8px;margin-bottom:10px;flex-wrap:wrap}"" &
"".topbar h1{font-size:14px;font-weight:600;flex:1;color:#f9fafb}"" &
""select,button{background:#1c1c1e;color:#e5e7eb;border:1px solid #333;border-radius:5px;padding:4px 10px;font-size:11px;cursor:pointer}"" &
""button:hover{background:#1e3a5f;border-color:#3b82f6}"" &
"".ticker-wrap{overflow:hidden;background:#000;border-top:1px solid #1f2937;border-bottom:1px solid #1f2937;height:28px;margin-bottom:10px}"" &
"".ticker-run{display:flex;white-space:nowrap;animation:tickerMove 40s linear infinite}"" &
"".ticker-run:hover{animation-play-state:paused}"" &
"".tk-item{display:inline-flex;align-items:center;padding:0 18px;font-size:11px;color:#93c5fd;height:28px;gap:5px;border-right:1px solid #222}"" &
""@keyframes tickerMove{from{transform:translateX(0)}to{transform:translateX(-50%)}}"" &
"".kpis{display:grid;grid-template-columns:repeat(auto-fit,minmax(130px,1fr));gap:8px;margin-bottom:10px}"" &
"".card{background:#111;border-radius:8px;padding:11px;border:1px solid #1f2937;border-top:3px solid #3b82f6}"" &
"".card-lbl{font-size:10px;color:#9ca3af;text-transform:uppercase;letter-spacing:.4px;margin-bottom:3px}"" &
"".card-val{font-size:19px;font-weight:700;color:#f9fafb}"" &
"".card-sub{font-size:10px;margin-top:3px}"" &
"".up{color:#34d399}.dn{color:#f87171}.neu{color:#9ca3af}"" &
"".charts{display:grid;grid-template-columns:2fr 1fr;gap:8px;margin-bottom:10px}"" &
"".cbox{background:#111;border-radius:8px;padding:11px;border:1px solid #1f2937}"" &
"".cbox h3{font-size:10px;color:#9ca3af;text-transform:uppercase;letter-spacing:.4px;margin-bottom:8px}"" &
"".bar-wrap{display:flex;flex-direction:column;gap:3px}"" &
"".brow{display:flex;align-items:center;gap:5px}"" &
"".blbl{font-size:10px;color:#9ca3af;width:100px;min-width:100px;text-align:right;overflow:hidden;text-overflow:ellipsis;white-space:nowrap}"" &
"".bbg{flex:1;background:#1c1c1e;border-radius:3px;overflow:hidden;height:14px}"" &
"".bfil{height:100%;border-radius:3px}"" &
"".bval{font-size:10px;color:#e5e7eb;min-width:38px;text-align:right}"" &
"".badge{display:inline-block;padding:1px 6px;border-radius:9px;font-size:10px;font-weight:600}"" &
"".bg-g{background:#065f46;color:#6ee7b7}.bg-y{background:#78350f;color:#fde68a}"" &
"".bg-o{background:#7c2d12;color:#fdba74}.bg-r{background:#7f1d1d;color:#fca5a5}"" &
"".tbl-wrap{background:#111;border-radius:8px;border:1px solid #1f2937;overflow:hidden}"" &
"".tc{display:flex;gap:8px;padding:9px;border-bottom:1px solid #1f2937;flex-wrap:wrap;align-items:center}"" &
"".tc input{background:#1c1c1e;color:#e5e7eb;border:1px solid #333;border-radius:5px;padding:4px 9px;font-size:11px;flex:1;min-width:150px}"" &
""table{width:100%;border-collapse:collapse;font-size:11px}"" &
""thead th{background:#161616;padding:6px 8px;text-align:left;color:#6b7280;font-weight:500;border-bottom:1px solid #1f2937;white-space:nowrap}"" &
""tbody tr:hover{background:#161616}"" &
""tbody td{padding:5px 8px;border-bottom:1px solid #111;color:#e5e7eb;white-space:nowrap}"" &
"".pag{display:flex;gap:6px;padding:7px 9px;align-items:center;font-size:11px;color:#6b7280}"" &
"".pag button{padding:2px 7px;font-size:11px}"" &
""</style>""

VAR _body =
""<div class='topbar'>"" &
""<h1>&#128202; IGRO &mdash; Índice de Gestão e Risco Operacional das Ouvidorias</h1>"" &
""<select id='dsv' onchange='applyF()'><option value=''>Todos os órgãos</option></select>"" &
""<button onclick='resetF()'>&#8635; Reset</button>"" &
""</div>"" &
""<div class='ticker-wrap'><div class='ticker-run' id='tkr'></div></div>"" &
""<div class='kpis'>"" &
""<div class='card'><div class='card-lbl'>IGRO Rede</div><div class='card-val' id='k_igro'>--</div><div class='card-sub' id='b_igro'></div></div>"" &
""<div class='card'><div class='card-lbl'>Sub-T Tempo</div><div class='card-val' id='k_subt'>--</div><div class='card-sub' id='b_subt'></div></div>"" &
""<div class='card'><div class='card-lbl'>Sub-Q Qualidade</div><div class='card-val' id='k_subq'>--</div><div class='card-sub' id='b_subq'></div></div>"" &
""<div class='card'><div class='card-lbl'>TMR Médio</div><div class='card-val' id='k_tmr'>--</div><div class='card-sub' id='b_tmr'></div></div>"" &
""<div class='card'><div class='card-lbl'>Resolutividade</div><div class='card-val' id='k_res'>--</div><div class='card-sub' id='b_res'></div></div>"" &
""<div class='card'><div class='card-lbl'>Nota Média</div><div class='card-val' id='k_nota'>--</div><div class='card-sub' id='b_nota'></div></div>"" &
""<div class='card'><div class='card-lbl'>NPS</div><div class='card-val' id='k_nps'>--</div><div class='card-sub' id='b_nps'></div></div>"" &
""<div class='card'><div class='card-lbl'>Insatisfatórias</div><div class='card-val' id='k_ins'>--</div><div class='card-sub' id='b_ins'></div></div>"" &
""</div>"" &
""<div class='charts'>"" &
""<div class='cbox'><h3>Ranking IGRO por órgão (top 20)</h3><div class='bar-wrap' id='rank_wrap'></div></div>"" &
""<div class='cbox'><h3>Distribuição por tipo</h3><div class='bar-wrap' id='tipo_wrap'></div></div>"" &
""</div>"" &
""<div class='tbl-wrap'>"" &
""<div class='tc'>"" &
""<input type='text' id='bsc' placeholder='Buscar órgão...' oninput='rn()'>"" &
""<button onclick='xcsv()'>&#11015; CSV</button>"" &
""<span id='pag_info' style='margin-left:auto;font-size:11px;color:#6b7280'></span>"" &
""</div>"" &
""<table><thead><tr>"" &
""<th>Órgão</th><th>Manif.</th><th>IGRO</th><th>Sub-T</th><th>Sub-Q</th>"" &
""<th>TMR</th><th>Resolut.</th><th>Nota</th><th>Insatisf.</th><th>NPS</th><th>Risco</th>"" &
""</tr></thead><tbody id='tb'></tbody></table>"" &
""<div class='pag'><button onclick='gp(-1)'>&#9664;</button><span id='pag_lbl'>Pág 1</span><button onclick='gp(1)'>&#9654;</button></div>"" &
""</div>""

VAR _js1 =
""<"" & _sc & "">"" &
""const ORG="" & [_JSON Orgaos] & "";"" &
""const TIP="" & [_JSON Tipos] & "";"" &
""let fd=ORG,pg=1,pp=20;"" &
""function pct(v){return(v*100).toFixed(1)+'%'}"" &
""function cor(v){return v>=0.8?'bg-g':v>=0.6?'bg-y':v>=0.4?'bg-o':'bg-r'}"" &
""function lbl(v){return v>=0.8?'Baixo':v>=0.6?'Moderado':v>=0.4?'Alto':'Cr\u00edtico'}"" &
""function buildTicker(){"" &
""  const it=ORG.slice(0,20).map(o=>'<span class=\'tk-item\'>'+o.s+' <b>'+pct(+o.i)+'</b></span>').join('');"" &
""  document.getElementById('tkr').innerHTML=it.repeat(2);}"" &
""function buildSelects(){"" &
""  const sv=document.getElementById('dsv');"" &
""  ORG.forEach(o=>{const op=document.createElement('option');op.value=o.s;op.textContent=o.s;sv.appendChild(op);});}"" &
""function setCard(id,val,subId,subHtml){"" &
""  document.getElementById(id).textContent=val;"" &
""  document.getElementById(subId).innerHTML=subHtml;}"" &
""function renderKPIs(){"" &
""  const tot=fd.reduce((a,o)=>a+ +o.n,0)||1;"" &
""  const wi=fd.reduce((a,o)=>a+ +o.i* +o.n,0)/tot;"" &
""  const wt=fd.reduce((a,o)=>a+ +o.t* +o.n,0)/tot;"" &
""  const wq=fd.reduce((a,o)=>a+ +o.q* +o.n,0)/tot;"" &
""  const tm=fd.reduce((a,o)=>a+ +o.m* +o.n,0)/tot;"" &
""  const re=fd.reduce((a,o)=>a+ +o.r* +o.n,0)/tot;"" &
""  const nt=fd.reduce((a,o)=>a+ +o.a* +o.n,0)/tot;"" &
""  const np=fd.reduce((a,o)=>a+ +o.p* +o.n,0)/tot;"" &
""  const ix=fd.reduce((a,o)=>a+ +o.x* +o.n,0)/tot;"" &
""  setCard('k_igro',pct(wi),'b_igro','<span class=\'badge '+cor(wi)+'\'>'+lbl(wi)+'</span>');"" &
""  setCard('k_subt',pct(wt),'b_subt','<span class=\'badge '+cor(wt)+'\'>'+lbl(wt)+'</span>');"" &
""  setCard('k_subq',pct(wq),'b_subq','<span class=\'badge '+cor(wq)+'\'>'+lbl(wq)+'</span>');"" &
""  setCard('k_tmr',tm.toFixed(1)+'d','b_tmr',tm<=10?'<span class=\'up\'>&#10003; meta 10d</span>':'<span class=\'dn\'>&#9888; acima 10d</span>');"" &
""  setCard('k_res',pct(re),'b_res',re>=0.7?'<span class=\'up\'>&#10003; meta 70%</span>':'<span class=\'dn\'>&#9888; abaixo 70%</span>');"" &
""  setCard('k_nota',nt.toFixed(1),'b_nota',nt>=7.5?'<span class=\'up\'>&#10003; meta 7,5</span>':'<span class=\'dn\'>&#9888; abaixo 7,5</span>');"" &
""  setCard('k_nps',(np>=0?'+':'')+np.toFixed(1),'b_nps',np>=50?'<span class=\'up\'>Excelente</span>':np>=0?'<span class=\'neu\'>Razo\u00e1vel</span>':'<span class=\'dn\'>Cr\u00edtico</span>');"" &
""  setCard('k_ins',pct(ix),'b_ins',ix<=0.025?'<span class=\'up\'>&#10003; meta 2,5%</span>':'<span class=\'dn\'>&#9888; acima 2,5%</span>');}""

VAR _js2 =
""function buildRanking(){"" &
""  const mx=Math.max(...fd.map(o=> +o.i))||1;"" &
""  const cl=['#34d399','#fbbf24','#f97316','#f87171'];"" &
""  const html=fd.slice(0,20).map(o=>{"" &
""    const v= +o.i;const w=Math.round(v/mx*100);"" &
""    const c=v>=0.8?cl[0]:v>=0.6?cl[1]:v>=0.4?cl[2]:cl[3];"" &
""    return '<div class=\'brow\'><div class=\'blbl\' title=\''+o.s+'\'>'+o.s+'</div>'"" &
""      +'<div class=\'bbg\'><div class=\'bfil\' style=\'width:'+w+'%;background:'+c+';\'></div></div>'"" &
""      +'<div class=\'bval\'>'+pct(v)+'</div></div>';}).join('');"" &
""  document.getElementById('rank_wrap').innerHTML=html;}"" &
""function buildTipos(){"" &
""  const mx=Math.max(...TIP.map(t=> +t.n))||1;"" &
""  const cs=['#3b82f6','#f59e0b','#10b981','#8b5cf6','#ef4444','#06b6d4','#f97316'];"" &
""  const html=TIP.map((t,i)=>{"" &
""    const w=Math.round( +t.n/mx*100);"" &
""    return '<div class=\'brow\'><div class=\'blbl\'>'+t.tipo+'</div>'"" &
""      +'<div class=\'bbg\'><div class=\'bfil\' style=\'width:'+w+'%;background:'+cs[i%7]+';\'></div></div>'"" &
""      +'<div class=\'bval\'>'+(+ t.n).toLocaleString('pt-BR')+'</div></div>';}).join('');"" &
""  document.getElementById('tipo_wrap').innerHTML=html;}"" &
""function rn(){"" &
""  const q=(document.getElementById('bsc').value||'').toLowerCase();"" &
""  const rows=fd.filter(o=>o.s.toLowerCase().includes(q));"" &
""  const tot=rows.length;const pages=Math.ceil(tot/pp)||1;"" &
""  if(pg>pages)pg=pages;"" &
""  document.getElementById('pag_lbl').textContent='P\u00e1g '+pg+'/'+pages;"" &
""  document.getElementById('pag_info').textContent=tot+' \u00f3rg\u00e3os';"" &
""  const sl=rows.slice((pg-1)*pp,pg*pp);"" &
""  const html=sl.map(o=>{"" &
""    const v= +o.i;const c=cor(v);"" &
""    return '<tr>'"" &
""      +'<td><b>'+o.s+'</b></td>'"" &
""      +'<td>'+(+ o.n).toLocaleString('pt-BR')+'</td>'"" &
""      +'<td><span class=\'badge '+c+'\'>'+pct(v)+'</span></td>'"" &
""      +'<td>'+pct(+o.t)+'</td>'"" &
""      +'<td>'+pct(+o.q)+'</td>'"" &
""      +'<td>'+(+o.m).toFixed(1)+'d</td>'"" &
""      +'<td>'+pct(+o.r)+'</td>'"" &
""      +'<td>'+(+o.a).toFixed(1)+'</td>'"" &
""      +'<td>'+pct(+o.x)+'</td>'"" &
""      +'<td>'+((+o.p)>=0?'+':'')+(+o.p).toFixed(1)+'</td>'"" &
""      +'<td><span class=\'badge '+c+'\'>'+lbl(v)+'</span></td>'"" &
""      +'</tr>';}).join('');"" &
""  document.getElementById('tb').innerHTML=html;}"" &
""function gp(d){pg+=d;if(pg<1)pg=1;rn();}"" &
""function applyF(){"" &
""  const sv=document.getElementById('dsv').value;"" &
""  fd=sv?ORG.filter(o=>o.s===sv):ORG;"" &
""  pg=1;renderKPIs();buildRanking();rn();}"" &
""function resetF(){"" &
""  document.getElementById('dsv').value='';"" &
""  document.getElementById('bsc').value='';"" &
""  fd=ORG;pg=1;renderKPIs();buildRanking();rn();}"" &
""function xcsv(){"" &
""  const h='Orgao,Manif,IGRO,SubT,SubQ,TMR,Resolutividade,Nota,Insatisf,NPS\n';"" &
""  const r=fd.map(o=>[o.s,o.n,o.i,o.t,o.q,o.m,o.r,o.a,o.x,o.p].join(',')).join('\n');"" &
""  const a=document.createElement('a');"" &
""  a.href='data:text/csv;charset=utf-8,'+encodeURIComponent(h+r);"" &
""  a.download='igro.csv';a.click();}"" &
""function init(){buildTicker();buildSelects();renderKPIs();buildRanking();buildTipos();rn();}"" &
""init();"" &
""<"" & _scx & "">""

RETURN _css & _body & _js1 & _js2",,False,1,20/04/2026 21:37:26,20/04/2026 21:36:04,,False,,12 · JSON · Dashboard,,,63ab91b7-f926-428b-a6e5-e3d1bcd9966e,
30911,25960,base_qtd_manifestacoes_aa,"Volume de manifestações no mesmo período do ano anterior. Funciona com qualquer granularidade de dCalendario (dia, mês, quadrimestre).",6,"VAR _min_data = MIN(dCalendario[Date])
VAR _max_data = MAX(dCalendario[Date])
RETURN
    CALCULATE(
        [base_qtd_manifestacoes],
        FILTER(
            ALL(dCalendario),
            dCalendario[Date] >= DATE(YEAR(_min_data)-1, MONTH(_min_data), DAY(_min_data)) &&
            dCalendario[Date] <= DATE(YEAR(_max_data)-1, MONTH(_max_data), DAY(_max_data))
        )
    )","#,0",False,1,21/04/2026 02:09:27,20/04/2026 22:24:57,,False,,04 · Tempo,,,b34cda72-a7fc-45ac-94c1-14185c3daf4d,
30912,25960,ind_tmr_aa,TMR médio no mesmo período do ano anterior. Funciona com qualquer granularidade de dCalendario.,8,"VAR _min_data = MIN(dCalendario[Date])
VAR _max_data = MAX(dCalendario[Date])
RETURN
    CALCULATE(
        [ind_media_tempo_resposta],
        FILTER(
            ALL(dCalendario),
            dCalendario[Date] >= DATE(YEAR(_min_data)-1, MONTH(_min_data), DAY(_min_data)) &&
            dCalendario[Date] <= DATE(YEAR(_max_data)-1, MONTH(_max_data), DAY(_max_data))
        )
    )","#,0.0",False,1,21/04/2026 02:09:27,20/04/2026 22:24:57,,False,,04 · Tempo,,,53df5b50-231c-4799-a501-ee737d1e3fdb,
30913,25960,ind_var_pct_volume_aa,Variação percentual do volume de manifestações em relação ao mesmo período do ano anterior.,8,"VAR atual = [base_qtd_manifestacoes]
VAR anterior = [base_qtd_manifestacoes_aa]
RETURN DIVIDE(atual - anterior, anterior, BLANK())",+0.0%;-0.0%;0.0%,False,1,20/04/2026 22:24:57,20/04/2026 22:24:57,,False,,04 · Tempo,,,f4a29ec9-ceb8-434c-be7c-b48a559a20f2,
30914,25960,base_qtd_manifestacoes_quadri_anterior,Volume de manifestações no quadrimestre anterior ao período selecionado.,6,"VAR _quadri_atual =
    SELECTEDVALUE(dCalendario[AnoQuadri])
VAR _ano =
    INT(_quadri_atual / 10)
VAR _q =
    MOD(_quadri_atual, 10)
VAR _q_ant = IF(_q = 1, _ano * 10 - 10 + 3, _ano * 10 + _q - 1)
RETURN
    CALCULATE(
        [base_qtd_manifestacoes],
        FILTER(
            ALL(dCalendario),
            dCalendario[AnoQuadri] = _q_ant
        )
    )","#,0",False,1,20/04/2026 22:24:57,20/04/2026 22:24:57,,False,,04 · Tempo,,,8c28da89-13dc-4461-b58d-3f8627de79bf,
30915,25960,ind_var_pct_volume_quadri,Variação percentual do volume em relação ao quadrimestre anterior.,8,"VAR atual = [base_qtd_manifestacoes]
VAR anterior = [base_qtd_manifestacoes_quadri_anterior]
RETURN DIVIDE(atual - anterior, anterior, BLANK())",+0.0%;-0.0%;0.0%,False,1,20/04/2026 22:24:57,20/04/2026 22:24:57,,False,,04 · Tempo,,,1189bb66-ab76-4ada-86a4-82401bea53a1,
30916,25960,base_qtd_manifestacoes_ytd,Acumulado de manifestações no ano até a data máxima do contexto (YTD).,6,"CALCULATE(
    [base_qtd_manifestacoes],
    DATESYTD(dCalendario[Date])
)","#,0",False,1,20/04/2026 22:24:57,20/04/2026 22:24:57,,False,,04 · Tempo,,,586a418d-3ce6-496f-a3ae-7dc1d9e0c886,
30917,25960,ind_media_diaria_manifestacoes,Volume médio diário de manifestações no período selecionado. Útil para comparar períodos de tamanhos diferentes.,8,"VAR _dias =
    COUNTROWS(
        FILTER(
            VALUES(dCalendario[Date]),
            dCalendario[Date] <= MAX(dCalendario[Date])
        )
    )
RETURN DIVIDE([base_qtd_manifestacoes], _dias, 0)","#,0.0",False,1,20/04/2026 22:24:57,20/04/2026 22:24:57,,False,,04 · Tempo,,,247d4be6-0e73-440e-a378-fe4e08854ce6,
30918,25960,ind_indice_sazonalidade,"Indica se o mês está acima ou abaixo da média mensal do ano. 1.0 = média, >1.0 = pico sazonal, <1.0 = vale. Requer contexto mensal no visual.",8,"VAR _ano_ctx    = MAX(dCalendario[Ano])
VAR _vol_mes    = [base_qtd_manifestacoes]
VAR _soma_ano   = CALCULATE([base_qtd_manifestacoes], FILTER(ALL(dCalendario), dCalendario[Ano] = _ano_ctx))
VAR _media_mes  = DIVIDE(_soma_ano, 12, 1)
RETURN DIVIDE(_vol_mes, _media_mes, 1)","#,0.00",False,1,21/04/2026 02:10:56,20/04/2026 22:25:13,,False,,04 · Tempo,,,4b5a6850-fc2d-4443-8b9e-009247c5b4e2,
30919,25960,base_qtd_manifestacoes_dias_uteis,Manifestações registradas em dias úteis (segunda a sexta).,6,"CALCULATE(
    [base_qtd_manifestacoes],
    dCalendario[DiaUtil] = TRUE()
)","#,0",False,1,20/04/2026 22:25:13,20/04/2026 22:25:13,,False,,04 · Tempo,,,a67d58ca-1896-4bfd-a005-a0a6a452f863,
30920,25960,base_qtd_manifestacoes_fim_semana,Manifestações registradas em fins de semana (sábado e domingo).,6,"CALCULATE(
    [base_qtd_manifestacoes],
    dCalendario[FimDeSemana] = TRUE()
)","#,0",False,1,20/04/2026 22:25:13,20/04/2026 22:25:13,,False,,04 · Tempo,,,220b3c6d-00aa-4de9-98bd-f9a3b5a62c01,
30921,25960,ind_pct_fim_semana,Percentual do volume registrado fora de dias úteis. Indica pressão sobre canais digitais (Expresso/Webservice) no final de semana.,8,"DIVIDE(
    [base_qtd_manifestacoes_fim_semana],
    [base_qtd_manifestacoes],
    0
)",0.0%,False,1,20/04/2026 22:25:13,20/04/2026 22:25:13,,False,,04 · Tempo,,,e7cba012-3291-4b64-afe9-46120aa97c3d,
30922,25960,ind_media_movel_3m,Média móvel de 3 meses do volume de manifestações. Usa janela deslizante de AnoMes. Requer contexto mensal no visual.,8,"VAR _anoMes_max = MAX(dCalendario[AnoMes])
VAR _ano_max    = INT(_anoMes_max / 100)
VAR _mes_max    = MOD(_anoMes_max, 100)
VAR _anoMes_m1  =
    IF(_mes_max >= 2,
        _ano_max * 100 + _mes_max - 1,
        (_ano_max - 1) * 100 + 12)
VAR _anoMes_m2  =
    IF(_mes_max >= 3,
        _ano_max * 100 + _mes_max - 2,
        IF(_mes_max = 2,
            (_ano_max - 1) * 100 + 12,
            (_ano_max - 1) * 100 + 11))
VAR _vol0 = [base_qtd_manifestacoes]
VAR _vol1 = CALCULATE([base_qtd_manifestacoes], FILTER(ALL(dCalendario), dCalendario[AnoMes] = _anoMes_m1))
VAR _vol2 = CALCULATE([base_qtd_manifestacoes], FILTER(ALL(dCalendario), dCalendario[AnoMes] = _anoMes_m2))
RETURN DIVIDE(_vol0 + _vol1 + _vol2, 3, BLANK())","#,0.0",False,1,21/04/2026 02:10:56,20/04/2026 22:25:13,,False,,04 · Tempo,,,ba4721e9-2eb5-4624-8e47-3d62894acb5d,
30923,25960,ind_var_vs_media_movel,"Compara o volume do mês atual com a média móvel de 3 meses. Positivo = acima da tendência, negativo = abaixo.",8,"VAR _atual = [base_qtd_manifestacoes]
VAR _mm3   = [ind_media_movel_3m]
RETURN DIVIDE(_atual - _mm3, _mm3, BLANK())",+0.0%;-0.0%;0.0%,False,1,21/04/2026 02:10:01,20/04/2026 22:25:13,,False,,04 · Tempo,,,e58cc3db-a559-4d5d-9459-634c82adc768,
30924,25960,base_qtd_finalizadas_por_data_fin,Volume de manifestações usando a data de finalização como eixo temporal. Requer USERELATIONSHIP com dCalendario[Date] via relacionamento inativo.,6,"CALCULATE(
    [base_qtd_manifestacoes_finalizadas],
    USERELATIONSHIP(
        f_relatorio[data_finalizacao],
        dCalendario[Date]
    )
)","#,0",False,1,21/04/2026 22:55:54,20/04/2026 22:25:13,,False,,04 · Tempo,,,3468df99-d373-4295-ac1f-77530c8e22fe,
40157,25960,HTML Dashboard Final Base,Dashboard HTML IGRO·NPS v3 — corrige JSON inválido (ano nulo) e filtra anos sem dados.,2,"VAR _F4=""0.0000""
VAR _F2=""0.00""
VAR _F0=""0""
VAR _Q=""""""""
VAR _c="",""
VAR _d="".""

-- BASE GLOBAL
VAR _nps = IF(ISBLANK([ind_nps]),0,[ind_nps])
VAR _pp  = IF(ISBLANK([ind_pct_promotores]),0,[ind_pct_promotores])
VAR _pn  = IF(ISBLANK([ind_pct_neutros]),0,[ind_pct_neutros])
VAR _pd  = IF(ISBLANK([ind_pct_detratores]),0,[ind_pct_detratores])
VAR _qt  = IF(ISBLANK([base_qtd_pesquisa]),0,[base_qtd_pesquisa])
VAR _qp  = IF(ISBLANK([base_qtd_promotores]),0,[base_qtd_promotores])
VAR _qn  = IF(ISBLANK([base_qtd_neutros]),0,[base_qtd_neutros])
VAR _qd  = IF(ISBLANK([base_qtd_detratores]),0,[base_qtd_detratores])
VAR _nt  = IF(ISBLANK([ind_media_nota_recomendacao]),0,[ind_media_nota_recomendacao])
VAR _tm  = IF(ISBLANK([ind_media_tempo_resposta]),0,[ind_media_tempo_resposta])
VAR _m3  = IF(ISBLANK([ind_pct_mais_30_dias]),0,[ind_pct_mais_30_dias])
VAR _re  = IF(ISBLANK([ind_pct_resolutividade]),0,[ind_pct_resolutividade])
VAR _in  = IF(ISBLANK([ind_pct_respostas_insatisfatorias]),0,[ind_pct_respostas_insatisfatorias])
VAR _ig  = IF(ISBLANK([idx_igro]),0,[idx_igro])
VAR _st  = IF(ISBLANK([idx_igro_sub_t]),0,[idx_igro_sub_t])
VAR _sq  = IF(ISBLANK([idx_igro_sub_q]),0,[idx_igro_sub_q])
VAR _vn  = IF(ISBLANK([var_nps]),0,[var_nps])
VAR _tot = IF(ISBLANK([base_qtd_manifestacoes]),0,[base_qtd_manifestacoes])

VAR _bj =
    ""{"" &
    _Q&""a""&_Q&"":0"" &
    _c&_Q&""n""&_Q&"":""   & SUBSTITUTE(FORMAT(_nps,_F2),_c,_d) &
    _c&_Q&""pp""&_Q&"":""  & SUBSTITUTE(FORMAT(_pp,_F4),_c,_d) &
    _c&_Q&""pn""&_Q&"":""  & SUBSTITUTE(FORMAT(_pn,_F4),_c,_d) &
    _c&_Q&""pd""&_Q&"":""  & SUBSTITUTE(FORMAT(_pd,_F4),_c,_d) &
    _c&_Q&""q""&_Q&"":""   & FORMAT(_qt,_F0) &
    _c&_Q&""qp""&_Q&"":""  & FORMAT(_qp,_F0) &
    _c&_Q&""qn""&_Q&"":""  & FORMAT(_qn,_F0) &
    _c&_Q&""qd""&_Q&"":""  & FORMAT(_qd,_F0) &
    _c&_Q&""nt""&_Q&"":""  & SUBSTITUTE(FORMAT(_nt,_F2),_c,_d) &
    _c&_Q&""t""&_Q&"":""   & SUBSTITUTE(FORMAT(_tm,_F2),_c,_d) &
    _c&_Q&""m""&_Q&"":""   & SUBSTITUTE(FORMAT(_m3,_F4),_c,_d) &
    _c&_Q&""r""&_Q&"":""   & SUBSTITUTE(FORMAT(_re,_F4),_c,_d) &
    _c&_Q&""i""&_Q&"":""   & SUBSTITUTE(FORMAT(_in,_F4),_c,_d) &
    _c&_Q&""ig""&_Q&"":""  & SUBSTITUTE(FORMAT(_ig,_F4),_c,_d) &
    _c&_Q&""st""&_Q&"":""  & SUBSTITUTE(FORMAT(_st,_F4),_c,_d) &
    _c&_Q&""sq""&_Q&"":""  & SUBSTITUTE(FORMAT(_sq,_F4),_c,_d) &
    _c&_Q&""vn""&_Q&"":""  & SUBSTITUTE(FORMAT(_vn,_F2),_c,_d) &
    _c&_Q&""tot""&_Q&"":"" & FORMAT(_tot,_F0) &
    ""}""

-- POR ANO: filtra anos validos (Ano nao nulo E com pesquisa > 0)
VAR _at_raw = ADDCOLUMNS(
    FILTER(VALUES(dCalendario[Ano]), NOT ISBLANK(dCalendario[Ano])),
    ""n_"",   CALCULATE(IF(ISBLANK([ind_nps]),0,[ind_nps])),
    ""pp_"",  CALCULATE(IF(ISBLANK([ind_pct_promotores]),0,[ind_pct_promotores])),
    ""pn_"",  CALCULATE(IF(ISBLANK([ind_pct_neutros]),0,[ind_pct_neutros])),
    ""pd_"",  CALCULATE(IF(ISBLANK([ind_pct_detratores]),0,[ind_pct_detratores])),
    ""q_"",   CALCULATE(IF(ISBLANK([base_qtd_pesquisa]),0,[base_qtd_pesquisa])),
    ""qp_"",  CALCULATE(IF(ISBLANK([base_qtd_promotores]),0,[base_qtd_promotores])),
    ""qn_"",  CALCULATE(IF(ISBLANK([base_qtd_neutros]),0,[base_qtd_neutros])),
    ""qd_"",  CALCULATE(IF(ISBLANK([base_qtd_detratores]),0,[base_qtd_detratores])),
    ""nt_"",  CALCULATE(IF(ISBLANK([ind_media_nota_recomendacao]),0,[ind_media_nota_recomendacao])),
    ""t_"",   CALCULATE(IF(ISBLANK([ind_media_tempo_resposta]),0,[ind_media_tempo_resposta])),
    ""m_"",   CALCULATE(IF(ISBLANK([ind_pct_mais_30_dias]),0,[ind_pct_mais_30_dias])),
    ""r_"",   CALCULATE(IF(ISBLANK([ind_pct_resolutividade]),0,[ind_pct_resolutividade])),
    ""i_"",   CALCULATE(IF(ISBLANK([ind_pct_respostas_insatisfatorias]),0,[ind_pct_respostas_insatisfatorias])),
    ""ig_"",  CALCULATE(IF(ISBLANK([idx_igro]),0,[idx_igro])),
    ""st_"",  CALCULATE(IF(ISBLANK([idx_igro_sub_t]),0,[idx_igro_sub_t])),
    ""sq_"",  CALCULATE(IF(ISBLANK([idx_igro_sub_q]),0,[idx_igro_sub_q])),
    ""vn_"",  CALCULATE(IF(ISBLANK([var_nps]),0,[var_nps])),
    ""tot_"", CALCULATE(IF(ISBLANK([base_qtd_manifestacoes]),0,[base_qtd_manifestacoes]))
)
VAR _at = FILTER(_at_raw, [tot_] > 0)
VAR _ja =
    ""["" & CONCATENATEX(
        _at,
        ""{"" &
        _Q&""a""&_Q&"":""   & [Ano] &
        _c&_Q&""n""&_Q&"":""   & SUBSTITUTE(FORMAT([n_],_F2),_c,_d) &
        _c&_Q&""pp""&_Q&"":""  & SUBSTITUTE(FORMAT([pp_],_F4),_c,_d) &
        _c&_Q&""pn""&_Q&"":""  & SUBSTITUTE(FORMAT([pn_],_F4),_c,_d) &
        _c&_Q&""pd""&_Q&"":""  & SUBSTITUTE(FORMAT([pd_],_F4),_c,_d) &
        _c&_Q&""q""&_Q&"":""   & FORMAT([q_],_F0) &
        _c&_Q&""qp""&_Q&"":""  & FORMAT([qp_],_F0) &
        _c&_Q&""qn""&_Q&"":""  & FORMAT([qn_],_F0) &
        _c&_Q&""qd""&_Q&"":""  & FORMAT([qd_],_F0) &
        _c&_Q&""nt""&_Q&"":""  & SUBSTITUTE(FORMAT([nt_],_F2),_c,_d) &
        _c&_Q&""t""&_Q&"":""   & SUBSTITUTE(FORMAT([t_],_F2),_c,_d) &
        _c&_Q&""m""&_Q&"":""   & SUBSTITUTE(FORMAT([m_],_F4),_c,_d) &
        _c&_Q&""r""&_Q&"":""   & SUBSTITUTE(FORMAT([r_],_F4),_c,_d) &
        _c&_Q&""i""&_Q&"":""   & SUBSTITUTE(FORMAT([i_],_F4),_c,_d) &
        _c&_Q&""ig""&_Q&"":""  & SUBSTITUTE(FORMAT([ig_],_F4),_c,_d) &
        _c&_Q&""st""&_Q&"":""  & SUBSTITUTE(FORMAT([st_],_F4),_c,_d) &
        _c&_Q&""sq""&_Q&"":""  & SUBSTITUTE(FORMAT([sq_],_F4),_c,_d) &
        _c&_Q&""vn""&_Q&"":""  & SUBSTITUTE(FORMAT([vn_],_F2),_c,_d) &
        _c&_Q&""tot""&_Q&"":"" & FORMAT([tot_],_F0) &
        ""}"",
        _c, [Ano]
    ) & ""]""

-- POR SIGLA: apenas orgaos com pesquisa
VAR _stbl = ADDCOLUMNS(
    VALUES(dOrgao_igro[sigla]),
    ""n_"",   CALCULATE(IF(ISBLANK([ind_nps]),0,[ind_nps])),
    ""pp_"",  CALCULATE(IF(ISBLANK([ind_pct_promotores]),0,[ind_pct_promotores])),
    ""pn_"",  CALCULATE(IF(ISBLANK([ind_pct_neutros]),0,[ind_pct_neutros])),
    ""pd_"",  CALCULATE(IF(ISBLANK([ind_pct_detratores]),0,[ind_pct_detratores])),
    ""q_"",   CALCULATE(IF(ISBLANK([base_qtd_pesquisa]),0,[base_qtd_pesquisa])),
    ""qp_"",  CALCULATE(IF(ISBLANK([base_qtd_promotores]),0,[base_qtd_promotores])),
    ""qn_"",  CALCULATE(IF(ISBLANK([base_qtd_neutros]),0,[base_qtd_neutros])),
    ""qd_"",  CALCULATE(IF(ISBLANK([base_qtd_detratores]),0,[base_qtd_detratores])),
    ""nt_"",  CALCULATE(IF(ISBLANK([ind_media_nota_recomendacao]),0,[ind_media_nota_recomendacao])),
    ""t_"",   CALCULATE(IF(ISBLANK([ind_media_tempo_resposta]),0,[ind_media_tempo_resposta])),
    ""m_"",   CALCULATE(IF(ISBLANK([ind_pct_mais_30_dias]),0,[ind_pct_mais_30_dias])),
    ""r_"",   CALCULATE(IF(ISBLANK([ind_pct_resolutividade]),0,[ind_pct_resolutividade])),
    ""i_"",   CALCULATE(IF(ISBLANK([ind_pct_respostas_insatisfatorias]),0,[ind_pct_respostas_insatisfatorias])),
    ""ig_"",  CALCULATE(IF(ISBLANK([idx_igro]),0,[idx_igro])),
    ""st_"",  CALCULATE(IF(ISBLANK([idx_igro_sub_t]),0,[idx_igro_sub_t])),
    ""sq_"",  CALCULATE(IF(ISBLANK([idx_igro_sub_q]),0,[idx_igro_sub_q])),
    ""vn_"",  CALCULATE(IF(ISBLANK([var_nps]),0,[var_nps])),
    ""tot_"", CALCULATE(IF(ISBLANK([base_qtd_manifestacoes]),0,[base_qtd_manifestacoes]))
)
VAR _js2 =
    ""["" & CONCATENATEX(
        FILTER(_stbl, [q_] > 0),
        ""{"" &
        _Q&""s""&_Q&"":""&_Q & [sigla] &_Q &
        _c&_Q&""n""&_Q&"":""   & SUBSTITUTE(FORMAT([n_],_F2),_c,_d) &
        _c&_Q&""pp""&_Q&"":""  & SUBSTITUTE(FORMAT([pp_],_F4),_c,_d) &
        _c&_Q&""pn""&_Q&"":""  & SUBSTITUTE(FORMAT([pn_],_F4),_c,_d) &
        _c&_Q&""pd""&_Q&"":""  & SUBSTITUTE(FORMAT([pd_],_F4),_c,_d) &
        _c&_Q&""q""&_Q&"":""   & FORMAT([q_],_F0) &
        _c&_Q&""qp""&_Q&"":""  & FORMAT([qp_],_F0) &
        _c&_Q&""qn""&_Q&"":""  & FORMAT([qn_],_F0) &
        _c&_Q&""qd""&_Q&"":""  & FORMAT([qd_],_F0) &
        _c&_Q&""nt""&_Q&"":""  & SUBSTITUTE(FORMAT([nt_],_F2),_c,_d) &
        _c&_Q&""t""&_Q&"":""   & SUBSTITUTE(FORMAT([t_],_F2),_c,_d) &
        _c&_Q&""m""&_Q&"":""   & SUBSTITUTE(FORMAT([m_],_F4),_c,_d) &
        _c&_Q&""r""&_Q&"":""   & SUBSTITUTE(FORMAT([r_],_F4),_c,_d) &
        _c&_Q&""i""&_Q&"":""   & SUBSTITUTE(FORMAT([i_],_F4),_c,_d) &
        _c&_Q&""ig""&_Q&"":""  & SUBSTITUTE(FORMAT([ig_],_F4),_c,_d) &
        _c&_Q&""st""&_Q&"":""  & SUBSTITUTE(FORMAT([st_],_F4),_c,_d) &
        _c&_Q&""sq""&_Q&"":""  & SUBSTITUTE(FORMAT([sq_],_F4),_c,_d) &
        _c&_Q&""vn""&_Q&"":""  & SUBSTITUTE(FORMAT([vn_],_F2),_c,_d) &
        _c&_Q&""tot""&_Q&"":"" & FORMAT([tot_],_F0) &
        ""}"",
        _c, [sigla]
    ) & ""]""

RETURN
""<!DOCTYPE html><html lang='pt-BR'><head><meta charset='UTF-8'><link href='https://fonts.googleapis.com/css2?family=Inter:wght@300;400;500;600;700&family=Montserrat:wght@600;700;800&display=swap' rel='stylesheet'><style>*{box-sizing:border-box;margin:0;padding:0}body{background:#0a1a1d;color:#e2e8f0;font-family:'Inter',sans-serif;padding:16px;min-height:100vh}.dash{max-width:960px;margin:0 auto}h1{font-family:'Montserrat',sans-serif;font-size:18px;font-weight:700;color:#f2c94c;margin-bottom:16px;letter-spacing:.5px}.fbar{display:flex;gap:16px;margin-bottom:20px;align-items:center;background:#0f2f33;padding:12px 16px;border-radius:12px;border:1px solid #1e4a50;flex-wrap:wrap}.fbar label{font-size:12px;color:#94a3b8;font-weight:600;text-transform:uppercase;letter-spacing:.5px}.fbar select{background:#132a2d;color:#e2e8f0;border:1px solid #1e4a50;border-radius:6px;padding:5px 10px;font-size:13px;font-family:'Inter',sans-serif;cursor:pointer;outline:none}.fbar select:hover,.fbar select:focus{border-color:#f2c94c}.fbar .rst{background:transparent;color:#64748b;border:1px solid #1e4a50;border-radius:6px;padding:5px 12px;font-size:12px;cursor:pointer;margin-left:auto}.fbar .rst:hover{color:#f2c94c;border-color:#f2c94c}.grid2{display:grid;grid-template-columns:1fr 1fr;gap:16px;margin-bottom:16px}.card{background:#0f2f33;border:1px solid #1e4a50;border-radius:12px;padding:20px}.card.accent{border-color:#f2c94c66}.card.full{grid-column:1/-1}.lbl{font-size:11px;font-weight:600;text-transform:uppercase;letter-spacing:.8px;color:#94a3b8;margin-bottom:8px}.big{font-family:'Montserrat',sans-serif;font-size:52px;font-weight:800;line-height:1}.sub{font-size:13px;color:#64748b;margin-top:4px}.vr{font-size:14px;font-weight:600;margin-top:8px}.pos{color:#10b981}.neg{color:#ef4444}.neu{color:#94a3b8}.bar-wrap{margin-bottom:10px}.bar-label{display:flex;justify-content:space-between;font-size:12px;margin-bottom:4px}.bar-track{background:#132a2d;border-radius:99px;height:8px;overflow:hidden}.bar-fill{height:100%;border-radius:99px;transition:width .4s ease}.fp{background:#10b981}.fn{background:#94a3b8}.fd{background:#ef4444}.donut-wrap{display:flex;align-items:center;gap:24px}.donut-leg{display:flex;flex-direction:column;gap:10px;flex:1}.leg-item{display:flex;align-items:center;gap:8px;font-size:13px}.leg-dot{width:10px;height:10px;border-radius:50%;flex-shrink:0}.kgrid{display:grid;grid-template-columns:repeat(5,1fr);gap:12px;margin-bottom:16px}.kcard{background:#0f2f33;border:1px solid #1e4a50;border-radius:10px;padding:14px}.kval{font-family:'Montserrat',sans-serif;font-size:22px;font-weight:700;color:#f2c94c;margin:4px 0}.ksub{font-size:11px;color:#64748b}.igrid{display:grid;grid-template-columns:repeat(3,1fr);gap:12px}.ig-main{background:#0f2f33;border:1px solid #f2c94c33;border-radius:10px;padding:16px;text-align:center}.ig-val{font-family:'Montserrat',sans-serif;font-size:32px;font-weight:800;color:#f2c94c}.ig-bar{background:#132a2d;border-radius:99px;height:6px;margin-top:10px;overflow:hidden}.ig-fill{height:100%;background:linear-gradient(90deg,#f2c94c,#06b6d4);border-radius:99px;transition:width .4s ease}.ctx-badge{display:inline-block;background:#132a2d;border:1px solid #1e4a50;border-radius:6px;padding:3px 10px;font-size:11px;color:#94a3b8;margin-bottom:12px}</style></head><body><div class='dash'><h1>Dashboard IGRO &#183; NPS</h1><div class='fbar'><label>Ano</label><select id='sel-a'><option value='all'>Todos os anos</option></select><label>&#211;rg&#227;o</label><select id='sel-s'><option value='all'>Todos os &#243;rg&#227;os</option></select><button class='rst' id='btn-rst'>&#10006; Limpar</button></div><div id='ctx-info' class='ctx-badge' style='display:none'></div><div class='grid2'><div class='card accent'><div class='lbl'>NPS &#183; &#205;ndice de Satisfa&#231;&#227;o</div><div class='big' id='nps-v' style='color:#f2c94c'>--</div><div class='sub'>Respostas: <b id='qtd-t'>--</b> &nbsp;|&nbsp; Manifesta&#231;&#245;es: <b id='tot-v'>--</b></div><div class='vr neu' id='nps-var'>--</div></div><div class='card'><div class='lbl'>Distribui&#231;&#227;o de Respondentes</div><div class='bar-wrap'><div class='bar-label'><span style='color:#10b981'>Promotores</span><span id='bar-p'>--</span></div><div class='bar-track'><div class='bar-fill fp' id='bar-p-c' style='width:0'></div></div></div><div class='bar-wrap'><div class='bar-label'><span style='color:#94a3b8'>Neutros</span><span id='bar-n'>--</span></div><div class='bar-track'><div class='bar-fill fn' id='bar-n-c' style='width:0'></div></div></div><div class='bar-wrap'><div class='bar-label'><span style='color:#ef4444'>Detratores</span><span id='bar-d'>--</span></div><div class='bar-track'><div class='bar-fill fd' id='bar-d-c' style='width:0'></div></div></div><div class='sub' style='margin-top:8px'>Nota m&#233;dia: <b id='nota-v'>--</b></div></div><div class='card full'><div class='lbl'>Composi&#231;&#227;o NPS</div><div class='donut-wrap'><svg id='svg-nps' viewBox='0 0 100 100' width='150' height='150'><circle cx='50' cy='50' r='45' fill='none' stroke='#132a2d' stroke-width='10'/><circle id='sa-p' cx='50' cy='50' r='45' fill='none' stroke='#10b981' stroke-width='10' stroke-dasharray='0 283' stroke-dashoffset='0' transform='rotate(-90 50 50)'/><circle id='sa-n' cx='50' cy='50' r='45' fill='none' stroke='#94a3b8' stroke-width='10' stroke-dasharray='0 283' stroke-dashoffset='0' transform='rotate(-90 50 50)'/><circle id='sa-d' cx='50' cy='50' r='45' fill='none' stroke='#ef4444' stroke-width='10' stroke-dasharray='0 283' stroke-dashoffset='0' transform='rotate(-90 50 50)'/></svg><div class='donut-leg'><div class='leg-item'><div class='leg-dot' style='background:#10b981'></div><span>Promotores: <b id='lg-p'>--</b></span></div><div class='leg-item'><div class='leg-dot' style='background:#94a3b8'></div><span>Neutros: <b id='lg-n'>--</b></span></div><div class='leg-item'><div class='leg-dot' style='background:#ef4444'></div><span>Detratores: <b id='lg-d'>--</b></span></div></div></div></div></div><div class='lbl' style='margin-bottom:12px'>Indicadores de Qualidade</div><div class='kgrid'><div class='kcard'><div class='lbl'>Tempo M&#233;dio Resposta</div><div class='kval' id='kv1'>--</div><div class='ksub'>dias</div></div><div class='kcard'><div class='lbl'>Mais de 30 Dias</div><div class='kval' id='kv2'>--</div><div class='ksub'>% das respostas</div></div><div class='kcard'><div class='lbl'>Resolutividade</div><div class='kval' id='kv3'>--</div><div class='ksub'>% resolvidos</div></div><div class='kcard'><div class='lbl'>Resp. Insatisfat&#243;rias</div><div class='kval' id='kv4'>--</div><div class='ksub'>% insatisfat&#243;rias</div></div><div class='kcard'><div class='lbl'>Nota de Recomenda&#231;&#227;o</div><div class='kval' id='kv5'>--</div><div class='ksub'>m&#233;dia</div></div></div><div class='lbl' style='margin-bottom:12px'>&#205;ndice IGRO</div><div class='igrid'><div class='ig-main'><div class='lbl'>IGRO</div><div class='ig-val' id='ig-val'>--</div><div class='ig-bar'><div class='ig-fill' id='ig-bl' style='width:0'></div></div></div><div class='ig-main'><div class='lbl'>Sub-&#237;ndice Tempo</div><div class='ig-val' id='st-val'>--</div><div class='ig-bar'><div class='ig-fill' id='st-bl' style='width:0'></div></div></div><div class='ig-main'><div class='lbl'>Sub-&#237;ndice Qualidade</div><div class='ig-val' id='sq-val'>--</div><div class='ig-bar'><div class='ig-fill' id='sq-bl' style='width:0'></div></div></div></div></div><script>try{const base="" & _bj & "";const anos="" & _ja & "";const siglas="" & _js2 & "";const sa=document.getElementById('sel-a');const ss=document.getElementById('sel-s');const ctx=document.getElementById('ctx-info');anos.sort((a,b)=>b.a-a.a).forEach(r=>{const o=document.createElement('option');o.value=r.a;o.textContent=r.a;sa.appendChild(o);});siglas.sort((a,b)=>a.s.localeCompare(b.s)).forEach(r=>{const o=document.createElement('option');o.value=r.s;o.textContent=r.s;ss.appendChild(o);});function pct(v){return(parseFloat(v)*100).toFixed(1)+'%';}function f2(v){return parseFloat(v).toFixed(2);}function fn0(v){return Number(v).toLocaleString('pt-BR');}function npsColor(n){const v=parseFloat(n);return v>=75?'#10b981':v>=50?'#f2c94c':v>=0?'#f97316':'#ef4444';}function el(id){return document.getElementById(id);}const C=282.74;function render(d,label){el('nps-v').textContent=parseFloat(d.n).toFixed(0);el('nps-v').style.color=npsColor(d.n);el('qtd-t').textContent=fn0(d.q);el('tot-v').textContent=fn0(d.tot||0);const vn=parseFloat(d.vn);el('nps-var').textContent=(vn>0?'+':'')+f2(vn)+' pts vs anterior';el('nps-var').className='vr '+(vn>0?'pos':vn<0?'neg':'neu');const pp=parseFloat(d.pp),pn=parseFloat(d.pn),pd=parseFloat(d.pd);el('bar-p').textContent=pct(pp);el('bar-n').textContent=pct(pn);el('bar-d').textContent=pct(pd);el('bar-p-c').style.width=(pp*100).toFixed(1)+'%';el('bar-n-c').style.width=(pn*100).toFixed(1)+'%';el('bar-d-c').style.width=(pd*100).toFixed(1)+'%';el('nota-v').textContent=f2(d.nt);el('lg-p').textContent=pct(pp)+' ('+fn0(d.qp)+')';el('lg-n').textContent=pct(pn)+' ('+fn0(d.qn)+')';el('lg-d').textContent=pct(pd)+' ('+fn0(d.qd)+')';const dp=pp*C,dn=pn*C,dd=pd*C;el('sa-p').setAttribute('stroke-dasharray',dp.toFixed(2)+' '+(C-dp).toFixed(2));el('sa-n').setAttribute('stroke-dasharray',dn.toFixed(2)+' '+(C-dn).toFixed(2));el('sa-n').setAttribute('stroke-dashoffset',(-dp).toFixed(2));el('sa-d').setAttribute('stroke-dasharray',dd.toFixed(2)+' '+(C-dd).toFixed(2));el('sa-d').setAttribute('stroke-dashoffset',(-(dp+dn)).toFixed(2));el('kv1').textContent=f2(d.t);el('kv2').textContent=pct(d.m);el('kv3').textContent=pct(d.r);el('kv4').textContent=pct(d.i);el('kv5').textContent=f2(d.nt);const ig=parseFloat(d.ig),st=parseFloat(d.st),sq=parseFloat(d.sq);el('ig-val').textContent=(ig*100).toFixed(1)+'%';el('st-val').textContent=(st*100).toFixed(1)+'%';el('sq-val').textContent=(sq*100).toFixed(1)+'%';el('ig-bl').style.width=(ig*100).toFixed(1)+'%';el('st-bl').style.width=(st*100).toFixed(1)+'%';el('sq-bl').style.width=(sq*100).toFixed(1)+'%';if(label){ctx.textContent='Filtro: '+label;ctx.style.display='inline-block';}else{ctx.style.display='none';}}function getD(){const av=sa.value,sv=ss.value;if(sv!=='all'){const r=siglas.find(x=>x.s===sv);return[r||base,'Org: '+sv];}if(av!=='all'){const r=anos.find(x=>String(x.a)===av);return[r||base,'Ano: '+av];}return[base,null];}function update(){const[d,lbl]=getD();render(d,lbl);}sa.onchange=()=>{ss.value='all';update();};ss.onchange=()=>{sa.value='all';update();};document.getElementById('btn-rst').onclick=()=>{sa.value='all';ss.value='all';update();};render(base,null);}catch(e){document.body.innerHTML='<div style=\'padding:20px;color:#ef4444;font-family:monospace\'>Erro ao carregar dados: '+e.message+'</div>';}</script></body></html>""",,False,1,29/04/2026 00:48:14,24/04/2026 22:23:23,,False,,12 · JSON · Dashboard,,,509bb4a2-1511-42c3-9182-3b8d3fd7e195,
40284,25960,HTML Matriz Classes IGRO,Matriz HTML por Classe IGRO v8 - texto da tabela em branco para melhor contraste.,2,"VAR _tbl =
    ADDCOLUMNS(
        FILTER(
            SUMMARIZE(
                dOrgao_igro,
                dOrgao_igro[Classe],
                dOrgao_igro[Tipo],
                dOrgao_igro[sigla]
            ),
            dOrgao_igro[Tipo] <> ""Inativa""
                && NOT ISBLANK(dOrgao_igro[Classe])
                && dOrgao_igro[Classe] <> ""N/A""
        ),
        ""_manif"", CALCULATE([base_qtd_manifestacoes]),
        ""_nps"", COALESCE(CALCULATE([ind_nps]), 0),
        ""_tmr"", COALESCE(CALCULATE([ind_media_tempo_resposta]), 0),
        ""_res"", COALESCE(CALCULATE([ind_pct_resolutividade]), 0),
        ""_ri"", COALESCE(CALCULATE([ind_pct_respostas_insatisfatorias]), 0),
        ""_pesq"", COALESCE(CALCULATE([base_qtd_pesquisa]), 0),
        ""_subt"", COALESCE(CALCULATE([idx_igro_sub_t]), 0),
        ""_subq"", COALESCE(CALCULATE([idx_igro_sub_q]), 0),
        ""_igro"", COALESCE(CALCULATE([idx_igro]), 0),
        ""_flag"", COALESCE(CALCULATE([flag_amostra_insuficiente]), 0)
    )
VAR _total = COUNTROWS(_tbl)
VAR _controlado = COUNTROWS(FILTER(_tbl, [_igro] >= 0.9))
VAR _atencao = COUNTROWS(FILTER(_tbl, [_igro] >= 0.7 && [_igro] < 0.9))
VAR _elevado = COUNTROWS(FILTER(_tbl, [_igro] >= 0.5 && [_igro] < 0.7))
VAR _critico = COUNTROWS(FILTER(_tbl, [_igro] < 0.5))
VAR _media = AVERAGEX(_tbl, [_igro])
VAR _CSS =
""<style>*{box-sizing:border-box;margin:0;padding:0}body{background:#061f20;color:#e2e8f0;font-family:Segoe UI,Arial,sans-serif;padding:14px}.w{max-width:1200px;margin:0 auto}h1{font-size:18px;font-weight:800;color:#f2c94c;margin-bottom:6px}.sub{font-size:11px;color:#8aa0aa;margin-bottom:14px}.note{font-size:10px;color:#78909a;margin-bottom:12px}.sb{display:grid;grid-template-columns:repeat(6,minmax(110px,1fr));gap:8px;margin-bottom:16px}.sc{background:#0d3436;border:1px solid #1f5559;border-radius:8px;padding:9px 12px}.v{font-size:18px;font-weight:800}.l{font-size:10px;color:#91a7b0;text-transform:uppercase;margin-top:2px}.cb{margin-bottom:18px}.ch{display:flex;align-items:center;gap:12px;background:#0d3436;border-left:4px solid #f2c94c;border-radius:8px;padding:9px 12px;margin-bottom:7px}.ch h2{font-size:13px;color:#f2c94c}.ch .m{font-size:10px;color:#91a7b0}.cs{margin-left:auto;display:flex;gap:14px;font-size:10px;color:#91a7b0}.cs b{color:#e2e8f0}.tw{overflow-x:auto;border:1px solid #1f5559;border-radius:8px}.tbl{width:100%;border-collapse:collapse;font-size:11px;color:#e2e8f0}.tbl th{background:#0a292b;color:#b8cad1;text-align:left;text-transform:uppercase;font-size:9px;padding:8px 9px;border-bottom:1px solid #1f5559;white-space:nowrap}.tbl td{color:#e2e8f0;padding:7px 9px;border-bottom:1px solid #0c2b2d;white-space:nowrap}.tbl td b{color:inherit}.tbl tr:last-child td{border-bottom:none}.tbl tr:hover td{background:#0d3436;color:#ffffff}.bar{height:5px;background:#11383b;border-radius:99px;overflow:hidden;margin-top:3px}.fill{height:100%;border-radius:99px}.flag{display:inline-block;width:7px;height:7px;border-radius:50%;background:#f97316;margin-left:5px}.empty{padding:28px;text-align:center;color:#78909a}</style>""
VAR _summary =
    ""<div class='sb'>""
        & ""<div class='sc'><div class='v' style='color:#f2c94c'>"" & FORMAT(_total, ""#,0"") & ""</div><div class='l'>Orgaos</div></div>""
        & ""<div class='sc'><div class='v' style='color:#10b981'>"" & FORMAT(_controlado, ""#,0"") & ""</div><div class='l'>Controlado</div></div>""
        & ""<div class='sc'><div class='v' style='color:#f2c94c'>"" & FORMAT(_atencao, ""#,0"") & ""</div><div class='l'>Em Atencao</div></div>""
        & ""<div class='sc'><div class='v' style='color:#f97316'>"" & FORMAT(_elevado, ""#,0"") & ""</div><div class='l'>Elevado</div></div>""
        & ""<div class='sc'><div class='v' style='color:#ef4444'>"" & FORMAT(_critico, ""#,0"") & ""</div><div class='l'>Critico</div></div>""
        & ""<div class='sc'><div class='v' style='color:#f2c94c'>"" & FORMAT(_media, ""0.0%"") & ""</div><div class='l'>IGRO medio</div></div>""
    & ""</div>""
VAR _classes = DATATABLE(""Classe"", STRING, ""Rotulo"", STRING, {{""1"",""Cl.1 Alta Complexidade""},{""2"",""Cl.2 Volume Expressivo""},{""3"",""Cl.3 Media Complexidade""},{""4"",""Cl.4 Adjuntas Diversas""},{""5"",""Cl.5 Menor Estrutura""}})
VAR _matrix =
    CONCATENATEX(
        _classes,
        VAR _cl = [Classe]
        VAR _rotulo = [Rotulo]
        VAR _rows = FILTER(_tbl, [Classe] = _cl)
        VAR _n = COUNTROWS(_rows)
        VAR _avg = AVERAGEX(_rows, [_igro])
        VAR _manif = SUMX(_rows, [_manif])
        VAR _body =
            CONCATENATEX(
                _rows,
                VAR _ig = [_igro]
                VAR _subt = [_subt]
                VAR _subq = [_subq]
                VAR _nps = [_nps]
                VAR _tmr = [_tmr]
                VAR _corIg = SWITCH(TRUE(), _ig >= 0.9, ""#10b981"", _ig >= 0.7, ""#f2c94c"", _ig >= 0.5, ""#f97316"", ""#ef4444"")
                VAR _corNps = SWITCH(TRUE(), _nps >= 50, ""#10b981"", _nps >= 0, ""#f2c94c"", _nps >= -50, ""#f97316"", ""#ef4444"")
                VAR _corTmr = SWITCH(TRUE(), _tmr <= 5, ""#10b981"", _tmr <= 10, ""#f2c94c"", ""#ef4444"")
                VAR _flag = IF([_flag] = 1, ""<span class='flag'></span>"", """")
                RETURN
                    ""<tr>""
                        & ""<td><b>"" & [sigla] & ""</b>"" & _flag & ""</td>""
                        & ""<td>"" & [Tipo] & ""</td>""
                        & ""<td>"" & FORMAT([_manif], ""#,0"") & ""</td>""
                        & ""<td><b>"" & FORMAT(_subt, ""0.0%"") & ""</b><div class='bar'><div class='fill' style='width:"" & FORMAT(_subt, ""0.0%"") & "";background:#38bdf8'></div></div></td>""
                        & ""<td><b>"" & FORMAT(_subq, ""0.0%"") & ""</b><div class='bar'><div class='fill' style='width:"" & FORMAT(_subq, ""0.0%"") & "";background:#a3e635'></div></div></td>""
                        & ""<td><b style='color:"" & _corIg & ""'>"" & FORMAT(_ig, ""0.0%"") & ""</b></td>""
                        & ""<td><b style='color:"" & _corNps & ""'>"" & IF(_nps >= 0, ""+"", """") & FORMAT(_nps, ""0"") & ""</b></td>""
                        & ""<td><span style='color:"" & _corTmr & ""'>"" & FORMAT(_tmr, ""0.00"") & ""d</span></td>""
                        & ""<td>"" & FORMAT([_res], ""0.0%"") & ""</td>""
                        & ""<td>"" & FORMAT([_ri], ""0.0%"") & ""</td>""
                        & ""<td>"" & FORMAT([_pesq], ""#,0"") & ""</td>""
                    & ""</tr>"",
                """",
                [_igro], DESC,
                [sigla], ASC
            )
        RETURN
            IF(
                _n = 0,
                """",
                ""<section class='cb'><div class='ch'><div><h2>"" & _rotulo & ""</h2><div class='m'>"" & FORMAT(_n, ""#,0"") & "" orgaos</div></div><div class='cs'><span>IGRO: <b>"" & FORMAT(_avg, ""0.0%"") & ""</b></span><span>Manif.: <b>"" & FORMAT(_manif, ""#,0"") & ""</b></span></div></div><div class='tw'><table class='tbl'><thead><tr><th>Sigla</th><th>Tipo</th><th>Manif.</th><th>Sub-T</th><th>Sub-Q</th><th>IGRO</th><th>NPS</th><th>TMR</th><th>Resolut.</th><th>% RI</th><th>Pesq.</th></tr></thead><tbody>"" & _body & ""</tbody></table></div></section>""
            ),
        """",
        [Classe], ASC
    )
RETURN
""<!DOCTYPE html><html lang='pt-BR'><head><meta charset='UTF-8'>"" & _CSS & ""</head><body><div class='w'><h1>Matriz de Orgaos por Classe · IGRO</h1><p class='sub'>Rede estadual de ouvidorias · Goias</p><p class='note'>Renderizacao estatica para compatibilidade com o visual HTML do Power BI.</p>"" & _summary & IF(_total = 0, ""<div class='empty'>Nenhum resultado.</div>"", _matrix) & ""</div></body></html>""",,False,1,29/04/2026 00:35:09,25/04/2026 21:17:28,,False,,12 · JSON · Dashboard,,,fc109f05-9661-4963-8f69-ef78a29d5774,
44608,25960,flag_amostra_insuficiente,"Flag de amostra insuficiente para KRIs de pesquisa (v3 FPC corrigido). Denominador exclui manifestacoes anonimas, que nao podem gerar pesquisa de satisfacao. Flag=1 quando n_obs < 30 E taxa < 5% das finalizadas identificadas.",6,"VAR n_obs  = [base_qtd_pesquisa]
VAR N_id   = [base_manifestacoes_identificadas]
VAR tx     = DIVIDE(n_obs, N_id, 0)
RETURN
    IF(
        n_obs >= 30 || tx >= 0.05,
        0,
        1
    )",0,False,1,25/04/2026 22:18:52,25/04/2026 22:05:58,,False,,05 · IGRO · Metas e Goalposts,,,2f707517-a3fb-4704-a49d-2bfe0e122b6a,
44609,25960,base_manifestacoes_identificadas,Base de manifestacoes finalizadas identificadas (exclui Anonimo). Denominador correto para taxa de cobertura da pesquisa de satisfacao.,6,"CALCULATE(
    [base_qtd_manifestacoes_finalizadas],
    f_relatorio[sigilo] <> ""An"" & UNICHAR(244) & ""nimo""
)","#,0",False,1,25/04/2026 22:18:33,25/04/2026 22:18:33,,False,,01 · Volume,,,dc4da54f-2c73-462f-85b7-e3502208975b,
61965,25960,HTML Dashboard Final Fonte Branca,Versão do Dashboard Final com override de CSS para fonte branca em textos que apareciam pretos.,2,"[HTML Dashboard Final Base]
    & ""<style>""
    & ""body,.dash,.card,.card span,.card b,.donut-leg,.donut-leg span,.donut-leg b,.leg-item,.bar-label,.bar-label span,.sub b,.ctx-badge{color:#e2e8f0!important;}""
    & "".card .sub,.ksub,.lbl,.fbar label{color:#b8cad1!important;}""
    & "".bar-label span[id],#bar-p,#bar-n,#bar-d,#nota-v,#lg-p,#lg-n,#lg-d,#qtd-t,#tot-v{color:#ffffff!important;}""
    & ""</style>""",,False,1,29/04/2026 00:48:14,29/04/2026 00:46:46,,False,,12 · JSON · Dashboard,,,e3c2a577-62a1-4e83-a59f-eb371c73fc92,
61966,25960,HTML Dashboard Final,Dashboard HTML IGRO·NPS com override de CSS para textos em branco/claro.,2,"[HTML Dashboard Final Base]
    & ""<style>""
    & ""body,.dash,.card,.card span,.card b,.donut-leg,.donut-leg span,.donut-leg b,.leg-item,.bar-label,.bar-label span,.sub b,.ctx-badge{color:#e2e8f0!important;}""
    & "".card .sub,.ksub,.lbl,.fbar label{color:#b8cad1!important;}""
    & "".bar-label span[id],#bar-p,#bar-n,#bar-d,#nota-v,#lg-p,#lg-n,#lg-d,#qtd-t,#tot-v{color:#ffffff!important;}""
    & ""</style>""",,False,1,29/04/2026 00:48:24,29/04/2026 00:48:24,,False,,12 · JSON · Dashboard,,,019a64f5-04af-4764-8a84-f50a34f1714a,
66290,25960,HTML Tabela Resultados IGRO CSV,"Tabela/matriz HTML com dados em literal JS, filtros e exportação CSV dos resultados calculados por órgão.",2,"VAR _q = ""'""
VAR _tbl =
    ADDCOLUMNS(
        FILTER(
            SUMMARIZE(
                dOrgao_igro,
                dOrgao_igro[sigla],
                dOrgao_igro[Tipo],
                dOrgao_igro[Grupo],
                dOrgao_igro[Classe]
            ),
            dOrgao_igro[Tipo] <> ""Inativa""
                && NOT ISBLANK(dOrgao_igro[Classe])
                && dOrgao_igro[Classe] <> ""N/A""
        ),
        ""_manif"", COALESCE(CALCULATE([base_qtd_manifestacoes]), 0),
        ""_final"", COALESCE(CALCULATE([base_qtd_manifestacoes_finalizadas]), 0),
        ""_aberto"", COALESCE(CALCULATE([base_qtd_manifestacoes_em_aberto]), 0),
        ""_pesq"", COALESCE(CALCULATE([base_qtd_pesquisa]), 0),
        ""_tmr"", COALESCE(CALCULATE([ind_media_tempo_resposta]), 0),
        ""_rdp"", COALESCE(CALCULATE([ind_pct_mais_30_dias]), 0),
        ""_tr"", COALESCE(CALCULATE([ind_pct_resolutividade]), 0),
        ""_ri"", COALESCE(CALCULATE([ind_pct_respostas_insatisfatorias]), 0),
        ""_nota"", COALESCE(CALCULATE([ind_media_nota_recomendacao]), 0),
        ""_nps"", COALESCE(CALCULATE([ind_nps]), 0),
        ""_prom"", COALESCE(CALCULATE([ind_pct_promotores]), 0),
        ""_neut"", COALESCE(CALCULATE([ind_pct_neutros]), 0),
        ""_det"", COALESCE(CALCULATE([ind_pct_detratores]), 0),
        ""_s1"", COALESCE(CALCULATE([idx_score_igro_kri1]), 0),
        ""_s2"", COALESCE(CALCULATE([idx_score_igro_kri2]), 0),
        ""_s3"", COALESCE(CALCULATE([idx_score_igro_kri3]), 0),
        ""_s4"", COALESCE(CALCULATE([idx_score_igro_kri4]), 0),
        ""_s5"", COALESCE(CALCULATE([idx_score_igro_kri5]), 0),
        ""_subt"", COALESCE(CALCULATE([idx_igro_sub_t]), 0),
        ""_subq"", COALESCE(CALCULATE([idx_igro_sub_q]), 0),
        ""_igro"", COALESCE(CALCULATE([idx_igro]), 0),
        ""_flag"", COALESCE(CALCULATE([flag_amostra_insuficiente]), 0)
    )
VAR _data =
    ""["" &
    CONCATENATEX(
        _tbl,
        ""{sigla:"" & _q & [sigla] & _q &
        "",tipo:"" & _q & [Tipo] & _q &
        "",grupo:"" & _q & [Grupo] & _q &
        "",classe:"" & _q & [Classe] & _q &
        "",manifestacoes:"" & FORMAT([_manif], ""0"") &
        "",finalizadas:"" & FORMAT([_final], ""0"") &
        "",abertas:"" & FORMAT([_aberto], ""0"") &
        "",pesquisas:"" & FORMAT([_pesq], ""0"") &
        "",tmr:"" & SUBSTITUTE(FORMAT([_tmr], ""0.00""), "","", ""."") &
        "",rdp:"" & SUBSTITUTE(FORMAT([_rdp], ""0.0000""), "","", ""."") &
        "",tr:"" & SUBSTITUTE(FORMAT([_tr], ""0.0000""), "","", ""."") &
        "",ri:"" & SUBSTITUTE(FORMAT([_ri], ""0.0000""), "","", ""."") &
        "",nota:"" & SUBSTITUTE(FORMAT([_nota], ""0.00""), "","", ""."") &
        "",nps:"" & SUBSTITUTE(FORMAT([_nps], ""0.00""), "","", ""."") &
        "",promotores:"" & SUBSTITUTE(FORMAT([_prom], ""0.0000""), "","", ""."") &
        "",neutros:"" & SUBSTITUTE(FORMAT([_neut], ""0.0000""), "","", ""."") &
        "",detratores:"" & SUBSTITUTE(FORMAT([_det], ""0.0000""), "","", ""."") &
        "",score_rdp:"" & SUBSTITUTE(FORMAT([_s1], ""0.0000""), "","", ""."") &
        "",score_tmr:"" & SUBSTITUTE(FORMAT([_s2], ""0.0000""), "","", ""."") &
        "",score_tr:"" & SUBSTITUTE(FORMAT([_s3], ""0.0000""), "","", ""."") &
        "",score_ri:"" & SUBSTITUTE(FORMAT([_s4], ""0.0000""), "","", ""."") &
        "",score_nr:"" & SUBSTITUTE(FORMAT([_s5], ""0.0000""), "","", ""."") &
        "",sub_t:"" & SUBSTITUTE(FORMAT([_subt], ""0.0000""), "","", ""."") &
        "",sub_q:"" & SUBSTITUTE(FORMAT([_subq], ""0.0000""), "","", ""."") &
        "",igro:"" & SUBSTITUTE(FORMAT([_igro], ""0.0000""), "","", ""."") &
        "",flag_amostra:"" & FORMAT([_flag], ""0"") &
        ""}"",
        "","",
        [_igro], DESC,
        [sigla], ASC
    ) & ""]""
VAR _css =
""<style>*{box-sizing:border-box}body{margin:0;background:#061f20;color:#e2e8f0;font-family:Segoe UI,Arial,sans-serif;padding:14px}.wrap{max-width:1280px;margin:0 auto}h1{font-size:18px;color:#f2c94c;margin:0 0 4px;font-weight:800}.sub{font-size:11px;color:#9fb4bc;margin-bottom:12px}.toolbar{display:flex;gap:10px;align-items:center;flex-wrap:wrap;background:#0d3436;border:1px solid #1f5559;border-radius:8px;padding:10px;margin-bottom:10px}input,select,button{background:#092b2d;color:#e2e8f0;border:1px solid #1f5559;border-radius:6px;padding:6px 9px;font-size:12px}button{cursor:pointer;color:#fff;font-weight:700}.count{margin-left:auto;font-size:11px;color:#b8cad1}.tablebox{border:1px solid #1f5559;border-radius:8px;overflow:auto;max-height:620px}table{width:100%;border-collapse:collapse;font-size:11px;min-width:1500px}th{position:sticky;top:0;background:#0a292b;color:#b8cad1;text-align:left;text-transform:uppercase;font-size:9px;padding:8px;border-bottom:1px solid #1f5559;white-space:nowrap}td{color:#e2e8f0;padding:7px 8px;border-bottom:1px solid #0c2b2d;white-space:nowrap;text-align:right}td:first-child,td:nth-child(2),td:nth-child(3),td:nth-child(4){text-align:left}tr:hover td{background:#0d3436;color:#fff}.foot{font-size:10px;color:#78909a;margin-top:8px}</style>""
VAR _html =
""<!DOCTYPE html><html lang='pt-BR'><head><meta charset='UTF-8'>"" & _css & ""</head><body><div class='wrap'><h1>Tabela de Resultados Calculados · IGRO</h1><div class='sub'>Resultados por orgao com exportacao CSV</div><div class='toolbar'><input id='q' placeholder='Buscar orgao...'><select id='cl'><option value='all'>Todas as classes</option><option value='1'>Classe 1</option><option value='2'>Classe 2</option><option value='3'>Classe 3</option><option value='4'>Classe 4</option><option value='5'>Classe 5</option></select><select id='tp'><option value='all'>Todos os tipos</option><option value='Setorial'>Setorial</option><option value='Adjunta'>Adjunta</option></select><button id='csv'>Exportar CSV</button><span class='count' id='count'></span></div><div class='tablebox'><table><thead id='thead'></thead><tbody id='tbody'></tbody></table></div><div class='foot'>Campos percentuais exportados no mesmo formato exibido na tabela.</div></div>""
VAR _js =
""<script>const D="" & _data & "";const cols=[['sigla','Orgao'],['tipo','Tipo'],['grupo','Grupo'],['classe','Classe'],['manifestacoes','Manif.'],['finalizadas','Finalizadas'],['abertas','Abertas'],['pesquisas','Pesq.'],['tmr','TMR'],['rdp','% RDP'],['tr','TR'],['ri','% RI'],['nota','Nota'],['nps','NPS'],['promotores','% Prom.'],['neutros','% Neut.'],['detratores','% Detr.'],['score_rdp','Score RDP'],['score_tmr','Score TMR'],['score_tr','Score TR'],['score_ri','Score RI'],['score_nr','Score NR'],['sub_t','Sub-T'],['sub_q','Sub-Q'],['igro','IGRO'],['flag_amostra','Amostra insuf.']];function pct(v){return (Number(v)*100).toFixed(1)+'%'}function n2(v){return Number(v).toLocaleString('pt-BR',{maximumFractionDigits:2})}function fmt(k,v){if(['rdp','tr','ri','promotores','neutros','detratores','score_rdp','score_tmr','score_tr','score_ri','score_nr','sub_t','sub_q','igro'].includes(k))return pct(v);if(['tmr','nota','nps'].includes(k))return n2(v);if(k==='flag_amostra')return v==1?'Sim':'Nao';return v}function rows(){const q=(document.getElementById('q').value||'').toLowerCase();const cl=document.getElementById('cl').value;const tp=document.getElementById('tp').value;return D.filter(r=>(!q||r.sigla.toLowerCase().includes(q))&&(cl==='all'||r.classe===cl)&&(tp==='all'||r.tipo===tp));}function render(){const R=rows();document.getElementById('count').textContent=R.length+' orgaos';document.getElementById('thead').innerHTML='<tr>'+cols.map(c=>'<th>'+c[1]+'</th>').join('')+'</tr>';document.getElementById('tbody').innerHTML=R.map(r=>'<tr>'+cols.map(c=>'<td>'+fmt(c[0],r[c[0]])+'</td>').join('')+'</tr>').join('')}function csv(){const R=rows();const head=cols.map(c=>c[1]).join(';');const lines=R.map(r=>cols.map(c=>String(fmt(c[0],r[c[0]]))).join(';'));const blob=new Blob(['\ufeff'+[head].concat(lines).join('\n')],{type:'text/csv;charset=utf-8'});const a=document.createElement('a');a.href=URL.createObjectURL(blob);a.download='resultados_igro.csv';a.click();URL.revokeObjectURL(a.href)}document.getElementById('q').addEventListener('input',render);document.getElementById('cl').addEventListener('change',render);document.getElementById('tp').addEventListener('change',render);document.getElementById('csv').addEventListener('click',csv);render();</script></body></html>""
RETURN _html & _js",,False,1,29/04/2026 00:56:10,29/04/2026 00:53:26,,False,,12 · JSON · Dashboard,,,5e7bfcac-9f44-41be-9944-0cdeeec93ca4,
